"id","instrial","latency_bin","key","binmedian","npress","nreward","switch","bincenter","curkey","tdiff"
75,2,"[ 100, 150)",0,NA,0,0,0,125,1,125
75,2,"[ 150, 200)",0,NA,0,0,0,175,1,175
75,2,"[ 200, 250)",0,NA,0,0,0,225,1,225
75,2,"[ 250, 300)",0,NA,0,0,0,275,1,275
75,2,"[ 300, 350)",0,NA,0,0,0,325,1,325
75,2,"[ 350, 400)",0,NA,0,0,0,375,1,375
75,2,"[ 400, 450)",0,NA,0,0,0,425,1,425
75,2,"[ 450, 500)",0,NA,0,0,0,475,1,475
75,2,"[ 500, 550)",0,NA,0,0,0,525,1,525
75,2,"[ 550, 600)",0,NA,0,0,0,575,1,575
75,2,"[ 600, 650)",0,NA,0,0,0,625,1,625
75,2,"[ 650, 700)",1,651.348657964263,1,0,0,675,1,651.348657964263
75,2,"[ 700, 750)",0,NA,0,0,0,725,1,73.651342035737
75,2,"[ 750, 800)",0,NA,0,0,0,775,1,123.651342035737
75,2,"[ 800, 850)",0,NA,0,0,0,825,1,173.651342035737
75,2,"[ 850, 900)",1,867.961634299718,1,1,0,875,1,216.612976335455
75,2,"[ 900, 950)",0,NA,0,0,0,925,1,57.038365700282
75,2,"[ 950,1000)",0,NA,0,0,0,975,1,107.038365700282
75,2,"[1000,1050)",0,NA,0,0,0,1025,1,157.038365700282
75,2,"[1050,1100)",0,NA,0,0,0,1075,1,207.038365700282
75,2,"[1100,1150)",2,1134.48869524291,1,0,1,1125,2,266.527060943192
75,2,"[1150,1200)",0,NA,0,0,0,1175,2,40.5113047570901
75,2,"[1200,1250)",0,NA,0,0,0,1225,2,90.5113047570901
75,2,"[1250,1300)",0,NA,0,0,0,1275,2,140.51130475709
75,2,"[1300,1350)",0,NA,0,0,0,1325,2,190.51130475709
75,2,"[1350,1400)",0,NA,0,0,0,1375,2,240.51130475709
75,2,"[1400,1450)",0,NA,0,0,0,1425,2,290.51130475709
75,2,"[1450,1500)",1,1450.98413788946,1,0,1,1475,1,316.49544264655
75,2,"[1500,1550)",0,NA,0,0,0,1525,1,74.01586211054
75,2,"[1550,1600)",0,NA,0,0,0,1575,1,124.01586211054
75,2,"[1600,1650)",0,NA,0,0,0,1625,1,174.01586211054
75,2,"[1650,1700)",0,NA,0,0,0,1675,1,224.01586211054
75,2,"[1700,1750)",1,1700.92106697848,1,0,0,1725,1,249.93692908902
75,2,"[1750,1800)",0,NA,0,0,0,1775,1,74.07893302152
75,2,"[1800,1850)",0,NA,0,0,0,1825,1,124.07893302152
75,2,"[1850,1900)",0,NA,0,0,0,1875,1,174.07893302152
75,2,"[1900,1950)",1,1934.15231705876,1,0,0,1925,1,233.23125008028
75,2,"[1950,2000)",0,NA,0,0,0,1975,1,40.84768294124
75,2,"[2000,2050)",0,NA,0,0,0,2025,1,90.84768294124
75,2,"[2050,2100)",1,2084.16109066457,1,0,0,2075,1,150.00877360581
75,2,"[2100,2150)",0,NA,0,0,0,2125,1,40.8389093354299
75,2,"[2150,2200)",0,NA,0,0,0,2175,1,90.8389093354299
75,2,"[2200,2250)",0,NA,0,0,0,2225,1,140.83890933543
75,2,"[2250,2300)",1,2250.79807045404,1,0,0,2275,1,166.63697978947
75,2,"[2300,2350)",0,NA,0,0,0,2325,1,74.20192954596
75,2,"[2350,2400)",0,NA,0,0,0,2375,1,124.20192954596
75,2,"[2400,2450)",1,2417.61913115624,1,0,0,2425,1,166.8210607022
75,2,"[2450,2500)",0,NA,0,0,0,2475,1,57.3808688437598
75,2,"[2500,2550)",0,NA,0,0,0,2525,1,107.38086884376
75,2,"[2550,2600)",0,NA,0,0,0,2575,1,157.38086884376
75,2,"[2600,2650)",1,2600.63633741811,1,0,0,2625,1,183.01720626187
75,2,"[2650,2700)",0,NA,0,0,0,2675,1,74.3636625818899
75,2,"[2700,2750)",0,NA,0,0,0,2725,1,124.36366258189
75,2,"[2750,2800)",1,2767.23027665867,1,0,0,2775,1,166.59393924056
75,2,"[2800,2850)",0,NA,0,0,0,2825,1,57.7697233413301
75,2,"[2850,2900)",0,NA,0,0,0,2875,1,107.76972334133
75,2,"[2900,2950)",1,2933.84871585295,1,0,0,2925,1,166.61843919428
75,2,"[2950,3000)",0,NA,0,0,0,2975,1,41.1512841470499
75,2,"[3000,3050)",0,NA,0,0,0,3025,1,91.1512841470499
75,2,"[3050,3100)",0,NA,0,0,0,3075,1,141.15128414705
75,2,"[3100,3150)",1,3100.45523615554,1,0,0,3125,1,166.60652030259
75,2,"[3150,3200)",0,NA,0,0,0,3175,1,74.5447638444598
75,2,"[3200,3250)",0,NA,0,0,0,3225,1,124.54476384446
75,2,"[3250,3300)",1,3283.78597606206,1,0,0,3275,1,183.33073990652
75,2,"[3300,3350)",0,NA,0,0,0,3325,1,41.2140239379401
75,2,"[3350,3400)",0,NA,0,0,0,3375,1,91.2140239379401
75,2,"[3400,3450)",0,NA,0,0,0,3425,1,141.21402393794
75,2,"[3450,3500)",1,3467.05381054198,1,0,0,3475,1,183.26783447992
75,2,"[3500,3550)",0,NA,0,0,0,3525,1,57.9461894580199
75,2,"[3550,3600)",0,NA,0,0,0,3575,1,107.94618945802
75,2,"[3600,3650)",0,NA,0,0,0,3625,1,157.94618945802
75,2,"[3650,3700)",1,3666.88694577897,1,0,0,3675,1,199.83313523699
75,2,"[3700,3750)",0,NA,0,0,0,3725,1,58.1130542210299
75,2,"[3750,3800)",0,NA,0,0,0,3775,1,108.11305422103
75,2,"[3800,3850)",0,NA,0,0,0,3825,1,158.11305422103
75,2,"[3850,3900)",1,3850.26767884847,1,0,0,3875,1,183.3807330695
75,2,"[3900,3950)",0,NA,0,0,0,3925,1,74.73232115153
75,2,"[3950,4000)",0,NA,0,0,0,3975,1,124.73232115153
75,2,"[4000,4050)",1,4016.76394924289,1,0,0,4025,1,166.49627039442
75,2,"[4050,4100)",0,NA,0,0,0,4075,1,58.2360507571102
75,2,"[4100,4150)",0,NA,0,0,0,4125,1,108.23605075711
75,2,"[4150,4200)",0,NA,0,0,0,4175,1,158.23605075711
75,2,"[4200,4250)",1,4233.32924995339,1,0,0,4225,1,216.5653007105
75,2,"[4250,4300)",0,NA,0,0,0,4275,1,41.67075004661
75,2,"[4300,4350)",0,NA,0,0,0,4325,1,91.67075004661
75,2,"[4350,4400)",0,NA,0,0,0,4375,1,141.67075004661
75,2,"[4400,4450)",2,4416.57821286935,1,0,1,4425,2,183.24896291596
75,2,"[4450,4500)",0,NA,0,0,0,4475,2,58.42178713065
75,2,"[4500,4550)",0,NA,0,0,0,4525,2,108.42178713065
75,2,"[4550,4600)",0,NA,0,0,0,4575,2,158.42178713065
75,2,"[4600,4650)",2,4616.71494925395,1,0,0,4625,2,200.1367363846
75,2,"[4650,4700)",0,NA,0,0,0,4675,2,58.2850507460498
75,2,"[4700,4750)",0,NA,0,0,0,4725,2,108.28505074605
75,2,"[4750,4800)",2,4799.85399328871,1,0,0,4775,2,183.13904403476
75,2,"[4800,4850)",0,NA,0,0,0,4825,2,25.1460067112903
75,2,"[4850,4900)",0,NA,0,0,0,4875,2,75.1460067112903
75,2,"[4900,4950)",0,NA,0,0,0,4925,2,125.14600671129
75,2,"[4950,5000)",2,4966.42409468768,1,0,0,4975,2,166.57010139897
75,2,"[5000,5050)",0,NA,0,0,0,5025,2,58.5759053123202
75,2,"[5050,5100)",0,NA,0,0,0,5075,2,108.57590531232
75,2,"[5100,5150)",2,5149.69689544523,1,0,0,5125,2,183.272800757551
75,2,"[5150,5200)",0,NA,0,0,0,5175,2,25.3031045547696
75,2,"[5200,5250)",0,NA,0,0,0,5225,2,75.3031045547696
75,2,"[5250,5300)",0,NA,0,0,0,5275,2,125.30310455477
75,2,"[5300,5350)",2,5316.26997655258,1,0,0,5325,2,166.57308110735
75,2,"[5350,5400)",0,NA,0,0,0,5375,2,58.7300234474196
75,2,"[5400,5450)",0,NA,0,0,0,5425,2,108.73002344742
75,2,"[5450,5500)",0,NA,0,0,0,5475,2,158.73002344742
75,2,"[5500,5550)",2,5516.19548338931,1,0,0,5525,2,199.925506836729
75,2,"[5550,5600)",0,NA,0,0,0,5575,2,58.8045166106904
75,2,"[5600,5650)",0,NA,0,0,0,5625,2,108.80451661069
75,2,"[5650,5700)",0,NA,0,0,0,5675,2,158.80451661069
75,2,"[5700,5750)",0,NA,0,0,0,5725,2,208.80451661069
75,2,"[5750,5800)",1,5782.77949016774,1,0,1,5775,1,266.58400677843
75,2,"[5800,5850)",0,NA,0,0,0,5825,1,42.2205098322602
75,2,"[5850,5900)",0,NA,0,0,0,5875,1,92.2205098322602
75,2,"[5900,5950)",0,NA,0,0,0,5925,1,142.22050983226
75,2,"[5950,6000]",1,5966.25458128983,1,0,0,5975,1,183.47509112209
75,3,"[ 100, 150)",0,NA,0,0,0,125,1,125
75,3,"[ 150, 200)",1,193.019490689039,1,0,0,175,1,193.019490689039
75,3,"[ 200, 250)",0,NA,0,0,0,225,1,31.980509310961
75,3,"[ 250, 300)",0,NA,0,0,0,275,1,81.980509310961
75,3,"[ 300, 350)",0,NA,0,0,0,325,1,131.980509310961
75,3,"[ 350, 400)",1,376.358507608529,1,1,0,375,1,183.33901691949
75,3,"[ 400, 450)",0,NA,0,0,0,425,1,48.641492391471
75,3,"[ 450, 500)",0,NA,0,0,0,475,1,98.641492391471
75,3,"[ 500, 550)",1,543.067000806332,1,0,0,525,1,166.708493197803
75,3,"[ 550, 600)",0,NA,0,0,0,575,1,31.932999193668
75,3,"[ 600, 650)",0,NA,0,0,0,625,1,81.932999193668
75,3,"[ 650, 700)",0,NA,0,0,0,675,1,131.932999193668
75,3,"[ 700, 750)",1,742.888548236806,1,0,0,725,1,199.821547430474
75,3,"[ 750, 800)",0,NA,0,0,0,775,1,32.1114517631941
75,3,"[ 800, 850)",0,NA,0,0,0,825,1,82.1114517631941
75,3,"[ 850, 900)",0,NA,0,0,0,875,1,132.111451763194
75,3,"[ 900, 950)",1,909.478514455259,1,0,0,925,1,166.589966218453
75,3,"[ 950,1000)",0,NA,0,0,0,975,1,65.521485544741
75,3,"[1000,1050)",0,NA,0,0,0,1025,1,115.521485544741
75,3,"[1050,1100)",1,1092.6950314315,1,0,0,1075,1,183.216516976241
75,3,"[1100,1150)",0,NA,0,0,0,1125,1,32.3049685685
75,3,"[1150,1200)",0,NA,0,0,0,1175,1,82.3049685685
75,3,"[1200,1250)",0,NA,0,0,0,1225,1,132.3049685685
75,3,"[1250,1300)",1,1275.75892012101,1,0,0,1275,1,183.06388868951
75,3,"[1300,1350)",0,NA,0,0,0,1325,1,49.2410798789899
75,3,"[1350,1400)",0,NA,0,0,0,1375,1,99.2410798789899
75,3,"[1400,1450)",1,1442.37769040046,1,0,0,1425,1,166.61877027945
75,3,"[1450,1500)",0,NA,0,0,0,1475,1,32.6223095995399
75,3,"[1500,1550)",0,NA,0,0,0,1525,1,82.6223095995399
75,3,"[1550,1600)",0,NA,0,0,0,1575,1,132.62230959954
75,3,"[1600,1650)",1,1608.91766345594,1,0,0,1625,1,166.53997305548
75,3,"[1650,1700)",0,NA,0,0,0,1675,1,66.0823365440599
75,3,"[1700,1750)",0,NA,0,0,0,1725,1,116.08233654406
75,3,"[1750,1800)",1,1775.61423776206,1,0,0,1775,1,166.69657430612
75,3,"[1800,1850)",0,NA,0,0,0,1825,1,49.3857622379401
75,3,"[1850,1900)",0,NA,0,0,0,1875,1,99.3857622379401
75,3,"[1900,1950)",1,1942.26876483299,1,0,0,1925,1,166.65452707093
75,3,"[1950,2000)",0,NA,0,0,0,1975,1,32.73123516701
75,3,"[2000,2050)",0,NA,0,0,0,2025,1,82.73123516701
75,3,"[2050,2100)",0,NA,0,0,0,2075,1,132.73123516701
75,3,"[2100,2150)",1,2109.17524440447,1,0,0,2125,1,166.90647957148
75,3,"[2150,2200)",0,NA,0,0,0,2175,1,65.82475559553
75,3,"[2200,2250)",0,NA,0,0,0,2225,1,115.82475559553
75,3,"[2250,2300)",1,2275.40400141152,1,0,0,2275,1,166.22875700705
75,3,"[2300,2350)",0,NA,0,0,0,2325,1,49.5959985884801
75,3,"[2350,2400)",0,NA,0,0,0,2375,1,99.5959985884801
75,3,"[2400,2450)",0,NA,0,0,0,2425,1,149.59599858848
75,3,"[2450,2500)",1,2458.73970747925,1,0,0,2475,1,183.33570606773
75,3,"[2500,2550)",0,NA,0,0,0,2525,1,66.2602925207502
75,3,"[2550,2600)",0,NA,0,0,0,2575,1,116.26029252075
75,3,"[2600,2650)",1,2625.32536970684,1,0,0,2625,1,166.58566222759
75,3,"[2650,2700)",0,NA,0,0,0,2675,1,49.6746302931601
75,3,"[2700,2750)",0,NA,0,0,0,2725,1,99.6746302931601
75,3,"[2750,2800)",0,NA,0,0,0,2775,1,149.67463029316
75,3,"[2800,2850)",1,2808.53559612297,1,1,0,2825,1,183.21022641613
75,3,"[2850,2900)",0,NA,0,0,0,2875,1,66.4644038770298
75,3,"[2900,2950)",0,NA,0,0,0,2925,1,116.46440387703
75,3,"[2950,3000)",1,2958.55761301937,1,0,0,2975,1,150.0220168964
75,3,"[3000,3050)",0,NA,0,0,0,3025,1,66.4423869806301
75,3,"[3050,3100)",0,NA,0,0,0,3075,1,116.44238698063
75,3,"[3100,3150)",1,3141.76386647159,1,0,0,3125,1,183.20625345222
75,3,"[3150,3200)",0,NA,0,0,0,3175,1,33.2361335284099
75,3,"[3200,3250)",0,NA,0,0,0,3225,1,83.2361335284099
75,3,"[3250,3300)",0,NA,0,0,0,3275,1,133.23613352841
75,3,"[3300,3350)",1,3325.04262664588,1,0,0,3325,1,183.27876017429
75,3,"[3350,3400)",0,NA,0,0,0,3375,1,49.9573733541201
75,3,"[3400,3450)",0,NA,0,0,0,3425,1,99.9573733541201
75,3,"[3450,3500)",1,3474.91267736768,1,0,0,3475,1,149.8700507218
75,3,"[3500,3550)",0,NA,0,0,0,3525,1,50.0873226323201
75,3,"[3550,3600)",0,NA,0,0,0,3575,1,100.08732263232
75,3,"[3600,3650)",0,NA,0,0,0,3625,1,150.08732263232
75,3,"[3650,3700)",1,3674.85606257105,1,0,0,3675,1,199.94338520337
75,3,"[3700,3750)",0,NA,0,0,0,3725,1,50.1439374289498
75,3,"[3750,3800)",0,NA,0,0,0,3775,1,100.14393742895
75,3,"[3800,3850)",0,NA,0,0,0,3825,1,150.14393742895
75,3,"[3850,3900)",1,3858.2086537499,1,0,0,3875,1,183.35259117885
75,3,"[3900,3950)",0,NA,0,0,0,3925,1,66.7913462501001
75,3,"[3950,4000)",0,NA,0,0,0,3975,1,116.7913462501
75,3,"[4000,4050)",1,4041.43841395853,1,0,0,4025,1,183.22976020863
75,3,"[4050,4100)",0,NA,0,0,0,4075,1,33.56158604147
75,3,"[4100,4150)",0,NA,0,0,0,4125,1,83.56158604147
75,3,"[4150,4200)",0,NA,0,0,0,4175,1,133.56158604147
75,3,"[4200,4250)",1,4208.017785626,1,0,0,4225,1,166.57937166747
75,3,"[4250,4300)",0,NA,0,0,0,4275,1,66.9822143740003
75,3,"[4300,4350)",0,NA,0,0,0,4325,1,116.982214374
75,3,"[4350,4400)",1,4374.59781946382,1,0,0,4375,1,166.58003383782
75,3,"[4400,4450)",0,NA,0,0,0,4425,1,50.4021805361799
75,3,"[4450,4500)",0,NA,0,0,0,4475,1,100.40218053618
75,3,"[4500,4550)",0,NA,0,0,0,4525,1,150.40218053618
75,3,"[4550,4600)",1,4557.90472152876,1,0,0,4575,1,183.30690206494
75,3,"[4600,4650)",0,NA,0,0,0,4625,1,67.0952784712399
75,3,"[4650,4700)",0,NA,0,0,0,4675,1,117.09527847124
75,3,"[4700,4750)",1,4741.1566641531,1,1,0,4725,1,183.25194262434
75,3,"[4750,4800)",0,NA,0,0,0,4775,1,33.8433358469001
75,3,"[4800,4850)",0,NA,0,0,0,4825,1,83.8433358469001
75,3,"[4850,4900)",0,NA,0,0,0,4875,1,133.8433358469
75,3,"[4900,4950)",1,4924.41224865615,1,0,0,4925,1,183.25558450305
75,3,"[4950,5000)",0,NA,0,0,0,4975,1,50.58775134385
75,3,"[5000,5050)",0,NA,0,0,0,5025,1,100.58775134385
75,3,"[5050,5100)",0,NA,0,0,0,5075,1,150.58775134385
75,3,"[5100,5150)",1,5124.36060002074,1,0,0,5125,1,199.94835136459
75,3,"[5150,5200)",0,NA,0,0,0,5175,1,50.6393999792599
75,3,"[5200,5250)",0,NA,0,0,0,5225,1,100.63939997926
75,3,"[5250,5300)",1,5290.92805279652,1,0,0,5275,1,166.56745277578
75,3,"[5300,5350)",0,NA,0,0,0,5325,1,34.0719472034798
75,3,"[5350,5400)",0,NA,0,0,0,5375,1,84.0719472034798
75,3,"[5400,5450)",0,NA,0,0,0,5425,1,134.07194720348
75,3,"[5450,5500)",1,5457.6014514314,1,1,0,5475,1,166.67339863488
75,3,"[5500,5550)",0,NA,0,0,0,5525,1,67.3985485685998
75,3,"[5550,5600)",0,NA,0,0,0,5575,1,117.3985485686
75,3,"[5600,5650)",1,5624.61354583502,1,0,0,5625,1,167.01209440362
75,3,"[5650,5700)",0,NA,0,0,0,5675,1,50.38645416498
75,3,"[5700,5750)",0,NA,0,0,0,5725,1,100.38645416498
75,3,"[5750,5800)",0,NA,0,0,0,5775,1,150.38645416498
75,3,"[5800,5850)",1,5807.53208999522,1,0,0,5825,1,182.9185441602
75,3,"[5850,5900)",0,NA,0,0,0,5875,1,67.4679100047797
75,3,"[5900,5950)",0,NA,0,0,0,5925,1,117.46791000478
75,3,"[5950,6000]",1,5974.03465089155,1,0,0,5975,1,166.50256089633
75,4,"[ 100, 150)",0,NA,0,0,0,125,2,125
75,4,"[ 150, 200)",0,NA,0,0,0,175,2,175
75,4,"[ 200, 250)",0,NA,0,0,0,225,2,225
75,4,"[ 250, 300)",0,NA,0,0,0,275,2,275
75,4,"[ 300, 350)",0,NA,0,0,0,325,2,325
75,4,"[ 350, 400)",2,369.354822672904,1,0,0,375,2,369.354822672904
75,4,"[ 400, 450)",0,NA,0,0,0,425,2,55.645177327096
75,4,"[ 450, 500)",0,NA,0,0,0,475,2,105.645177327096
75,4,"[ 500, 550)",0,NA,0,0,0,525,2,155.645177327096
75,4,"[ 550, 600)",2,552.726285532117,1,0,0,575,2,183.371462859213
75,4,"[ 600, 650)",0,NA,0,0,0,625,2,72.273714467883
75,4,"[ 650, 700)",0,NA,0,0,0,675,2,122.273714467883
75,4,"[ 700, 750)",0,NA,0,0,0,725,2,172.273714467883
75,4,"[ 750, 800)",2,769.276687584352,1,0,0,775,2,216.550402052235
75,4,"[ 800, 850)",0,NA,0,0,0,825,2,55.723312415648
75,4,"[ 850, 900)",0,NA,0,0,0,875,2,105.723312415648
75,4,"[ 900, 950)",1,919.377832848113,1,0,1,925,1,150.101145263761
75,4,"[ 950,1000)",0,NA,0,0,0,975,1,55.622167151887
75,4,"[1000,1050)",0,NA,0,0,0,1025,1,105.622167151887
75,4,"[1050,1100)",0,NA,0,0,0,1075,1,155.622167151887
75,4,"[1100,1150)",1,1102.63474163366,1,0,0,1125,1,183.256908785547
75,4,"[1150,1200)",0,NA,0,0,0,1175,1,72.36525836634
75,4,"[1200,1250)",0,NA,0,0,0,1225,1,122.36525836634
75,4,"[1250,1300)",0,NA,0,0,0,1275,1,172.36525836634
75,4,"[1300,1350)",1,1302.42351203924,1,0,0,1325,1,199.78877040558
75,4,"[1350,1400)",0,NA,0,0,0,1375,1,72.57648796076
75,4,"[1400,1450)",0,NA,0,0,0,1425,1,122.57648796076
75,4,"[1450,1500)",1,1468.96414726507,1,1,0,1475,1,166.54063522583
75,4,"[1500,1550)",0,NA,0,0,0,1525,1,56.0358527349299
75,4,"[1550,1600)",0,NA,0,0,0,1575,1,106.03585273493
75,4,"[1600,1650)",1,1635.84712008014,1,0,0,1625,1,166.88297281507
75,4,"[1650,1700)",0,NA,0,0,0,1675,1,39.15287991986
75,4,"[1700,1750)",0,NA,0,0,0,1725,1,89.15287991986
75,4,"[1750,1800)",0,NA,0,0,0,1775,1,139.15287991986
75,4,"[1800,1850)",1,1819.01927222498,1,0,0,1825,1,183.17215214484
75,4,"[1850,1900)",0,NA,0,0,0,1875,1,55.9807277750199
75,4,"[1900,1950)",0,NA,0,0,0,1925,1,105.98072777502
75,4,"[1950,2000)",0,NA,0,0,0,1975,1,155.98072777502
75,4,"[2000,2050)",1,2002.63739028014,1,0,0,2025,1,183.61811805516
75,4,"[2050,2100)",0,NA,0,0,0,2075,1,72.3626097198601
75,4,"[2100,2150)",0,NA,0,0,0,2125,1,122.36260971986
75,4,"[2150,2200)",1,2168.80622168537,1,1,0,2175,1,166.16883140523
75,4,"[2200,2250)",0,NA,0,0,0,2225,1,56.19377831463
75,4,"[2250,2300)",0,NA,0,0,0,2275,1,106.19377831463
75,4,"[2300,2350)",1,2335.38195147412,1,0,0,2325,1,166.57572978875
75,4,"[2350,2400)",0,NA,0,0,0,2375,1,39.6180485258801
75,4,"[2400,2450)",0,NA,0,0,0,2425,1,89.6180485258801
75,4,"[2450,2500)",0,NA,0,0,0,2475,1,139.61804852588
75,4,"[2500,2550)",1,2518.65243463544,1,1,0,2525,1,183.27048316132
75,4,"[2550,2600)",0,NA,0,0,0,2575,1,56.3475653645601
75,4,"[2600,2650)",0,NA,0,0,0,2625,1,106.34756536456
75,4,"[2650,2700)",1,2685.20035361871,1,0,0,2675,1,166.54791898327
75,4,"[2700,2750)",0,NA,0,0,0,2725,1,39.7996463812901
75,4,"[2750,2800)",0,NA,0,0,0,2775,1,89.7996463812901
75,4,"[2800,2850)",0,NA,0,0,0,2825,1,139.79964638129
75,4,"[2850,2900)",1,2868.48805297632,1,0,0,2875,1,183.28769935761
75,4,"[2900,2950)",0,NA,0,0,0,2925,1,56.51194702368
75,4,"[2950,3000)",0,NA,0,0,0,2975,1,106.51194702368
75,4,"[3000,3050)",0,NA,0,0,0,3025,1,156.51194702368
75,4,"[3050,3100)",1,3051.76515772473,1,1,0,3075,1,183.27710474841
75,4,"[3100,3150)",0,NA,0,0,0,3125,1,73.2348422752698
75,4,"[3150,3200)",0,NA,0,0,0,3175,1,123.23484227527
75,4,"[3200,3250)",1,3218.3720091125,1,0,0,3225,1,166.60685138777
75,4,"[3250,3300)",0,NA,0,0,0,3275,1,56.6279908874999
75,4,"[3300,3350)",0,NA,0,0,0,3325,1,106.6279908875
75,4,"[3350,3400)",1,3385.03679964924,1,1,0,3375,1,166.66479053674
75,4,"[3400,3450)",0,NA,0,0,0,3425,1,39.96320035076
75,4,"[3450,3500)",0,NA,0,0,0,3475,1,89.96320035076
75,4,"[3500,3550)",0,NA,0,0,0,3525,1,139.96320035076
75,4,"[3550,3600)",1,3568.23113420978,1,0,0,3575,1,183.19433456054
75,4,"[3600,3650)",0,NA,0,0,0,3625,1,56.7688657902199
75,4,"[3650,3700)",0,NA,0,0,0,3675,1,106.76886579022
75,4,"[3700,3750)",1,3734.8346747458,1,0,0,3725,1,166.60354053602
75,4,"[3750,3800)",0,NA,0,0,0,3775,1,40.1653252542001
75,4,"[3800,3850)",0,NA,0,0,0,3825,1,90.1653252542001
75,4,"[3850,3900)",0,NA,0,0,0,3875,1,140.1653252542
75,4,"[3900,3950)",1,3901.47330990294,1,0,0,3925,1,166.63863515714
75,4,"[3950,4000)",0,NA,0,0,0,3975,1,73.5266900970601
75,4,"[4000,4050)",0,NA,0,0,0,4025,1,123.52669009706
75,4,"[4050,4100)",1,4084.71234038007,1,1,0,4075,1,183.23903047713
75,4,"[4100,4150)",0,NA,0,0,0,4125,1,40.2876596199299
75,4,"[4150,4200)",0,NA,0,0,0,4175,1,90.2876596199299
75,4,"[4200,4250)",0,NA,0,0,0,4225,1,140.28765961993
75,4,"[4250,4300)",1,4268.01096543204,1,0,0,4275,1,183.29862505197
75,4,"[4300,4350)",0,NA,0,0,0,4325,1,56.9890345679596
75,4,"[4350,4400)",0,NA,0,0,0,4375,1,106.98903456796
75,4,"[4400,4450)",0,NA,0,0,0,4425,1,156.98903456796
75,4,"[4450,4500)",1,4468.59598532319,1,0,0,4475,1,200.585019891149
75,4,"[4500,4550)",0,NA,0,0,0,4525,1,56.4040146768102
75,4,"[4550,4600)",0,NA,0,0,0,4575,1,106.40401467681
75,4,"[4600,4650)",0,NA,0,0,0,4625,1,156.40401467681
75,4,"[4650,4700)",1,4667.8070196067,1,0,0,4675,1,199.21103428351
75,4,"[4700,4750)",0,NA,0,0,0,4725,1,57.1929803932999
75,4,"[4750,4800)",0,NA,0,0,0,4775,1,107.1929803933
75,4,"[4800,4850)",1,4817.77076621074,1,1,0,4825,1,149.963746604039
75,4,"[4850,4900)",0,NA,0,0,0,4875,1,57.2292337892604
75,4,"[4900,4950)",0,NA,0,0,0,4925,1,107.22923378926
75,4,"[4950,5000)",0,NA,0,0,0,4975,1,157.22923378926
75,4,"[5000,5050)",1,5001.03231018875,1,0,0,5025,1,183.26154397801
75,4,"[5050,5100)",0,NA,0,0,0,5075,1,73.9676898112502
75,4,"[5100,5150)",0,NA,0,0,0,5125,1,123.96768981125
75,4,"[5150,5200)",1,5184.36900951201,1,0,0,5175,1,183.33669932326
75,4,"[5200,5250)",0,NA,0,0,0,5225,1,40.6309904879899
75,4,"[5250,5300)",0,NA,0,0,0,5275,1,90.6309904879899
75,4,"[5300,5350)",0,NA,0,0,0,5325,1,140.63099048799
75,4,"[5350,5400)",1,5350.89077311568,1,0,0,5375,1,166.52176360367
75,4,"[5400,5450)",0,NA,0,0,0,5425,1,74.1092268843204
75,4,"[5450,5500)",0,NA,0,0,0,5475,1,124.10922688432
75,4,"[5500,5550)",1,5517.71779329283,1,0,0,5525,1,166.82702017715
75,4,"[5550,5600)",0,NA,0,0,0,5575,1,57.2822067071702
75,4,"[5600,5650)",0,NA,0,0,0,5625,1,107.28220670717
75,4,"[5650,5700)",0,NA,0,0,0,5675,1,157.28220670717
75,4,"[5700,5750)",1,5717.46252995217,1,0,0,5725,1,199.744736659341
75,4,"[5750,5800)",0,NA,0,0,0,5775,1,57.5374700478296
75,4,"[5800,5850)",0,NA,0,0,0,5825,1,107.53747004783
75,4,"[5850,5900)",1,5884.13957046578,1,0,0,5875,1,166.677040513609
75,4,"[5900,5950)",0,NA,0,0,0,5925,1,40.8604295342202
75,4,"[5950,6000]",0,NA,0,0,0,5975,1,90.8604295342202
75,5,"[ 100, 150)",0,NA,0,0,0,125,1,125
75,5,"[ 150, 200)",0,NA,0,0,0,175,1,175
75,5,"[ 200, 250)",0,NA,0,0,0,225,1,225
75,5,"[ 250, 300)",1,267.641479149461,1,0,0,275,1,267.641479149461
75,5,"[ 300, 350)",0,NA,0,0,0,325,1,57.358520850539
75,5,"[ 350, 400)",0,NA,0,0,0,375,1,107.358520850539
75,5,"[ 400, 450)",1,434.214560256805,1,0,0,425,1,166.573081107344
75,5,"[ 450, 500)",0,NA,0,0,0,475,1,40.785439743195
75,5,"[ 500, 550)",0,NA,0,0,0,525,1,90.785439743195
75,5,"[ 550, 600)",0,NA,0,0,0,575,1,140.785439743195
75,5,"[ 600, 650)",1,600.692290114239,1,1,0,625,1,166.477729857434
75,5,"[ 650, 700)",0,NA,0,0,0,675,1,74.307709885761
75,5,"[ 700, 750)",0,NA,0,0,0,725,1,124.307709885761
75,5,"[ 750, 800)",1,783.997536753304,1,0,0,775,1,183.305246639065
75,5,"[ 800, 850)",0,NA,0,0,0,825,1,41.002463246696
75,5,"[ 850, 900)",0,NA,0,0,0,875,1,91.002463246696
75,5,"[ 900, 950)",1,933.942742878571,1,0,0,925,1,149.945206125267
75,5,"[ 950,1000)",0,NA,0,0,0,975,1,41.057257121429
75,5,"[1000,1050)",0,NA,0,0,0,1025,1,91.057257121429
75,5,"[1050,1100)",0,NA,0,0,0,1075,1,141.057257121429
75,5,"[1100,1150)",1,1100.49198620254,1,0,0,1125,1,166.549243323969
75,5,"[1150,1200)",0,NA,0,0,0,1175,1,74.5080137974601
75,5,"[1200,1250)",0,NA,0,0,0,1225,1,124.50801379746
75,5,"[1250,1300)",1,1267.13525649393,1,0,0,1275,1,166.64327029139
75,5,"[1300,1350)",0,NA,0,0,0,1325,1,57.86474350607
75,5,"[1350,1400)",0,NA,0,0,0,1375,1,107.86474350607
75,5,"[1400,1450)",0,NA,0,0,0,1425,1,157.86474350607
75,5,"[1450,1500)",1,1450.39315853501,1,0,0,1475,1,183.25790204108
75,5,"[1500,1550)",0,NA,0,0,0,1525,1,74.6068414649901
75,5,"[1550,1600)",0,NA,0,0,0,1575,1,124.60684146499
75,5,"[1600,1650)",1,1617.09337471984,1,0,0,1625,1,166.70021618483
75,5,"[1650,1700)",0,NA,0,0,0,1675,1,57.9066252801599
75,5,"[1700,1750)",0,NA,0,0,0,1725,1,107.90662528016
75,5,"[1750,1800)",1,1783.67440181319,1,0,0,1775,1,166.58102709335
75,5,"[1800,1850)",0,NA,0,0,0,1825,1,41.3255981868101
75,5,"[1850,1900)",0,NA,0,0,0,1875,1,91.3255981868101
75,5,"[1900,1950)",0,NA,0,0,0,1925,1,141.32559818681
75,5,"[1950,2000)",1,1950.32330049435,1,0,0,1975,1,166.64889868116
75,5,"[2000,2050)",0,NA,0,0,0,2025,1,74.67669950565
75,5,"[2050,2100)",0,NA,0,0,0,2075,1,124.67669950565
75,5,"[2100,2150)",1,2116.90234107664,1,0,0,2125,1,166.57904058229
75,5,"[2150,2200)",0,NA,0,0,0,2175,1,58.0976589233601
75,5,"[2200,2250)",0,NA,0,0,0,2225,1,108.09765892336
75,5,"[2250,2300)",0,NA,0,0,0,2275,1,158.09765892336
75,5,"[2300,2350)",1,2300.05197972059,1,0,0,2325,1,183.14963864395
75,5,"[2350,2400)",0,NA,0,0,0,2375,1,74.9480202794098
75,5,"[2400,2450)",0,NA,0,0,0,2425,1,124.94802027941
75,5,"[2450,2500)",1,2466.68531757314,1,1,0,2475,1,166.63333785255
75,5,"[2500,2550)",0,NA,0,0,0,2525,1,58.3146824268601
75,5,"[2550,2600)",0,NA,0,0,0,2575,1,108.31468242686
75,5,"[2600,2650)",1,2633.36070266087,1,0,0,2625,1,166.67538508773
75,5,"[2650,2700)",0,NA,0,0,0,2675,1,41.6392973391298
75,5,"[2700,2750)",0,NA,0,0,0,2725,1,91.6392973391298
75,5,"[2750,2800)",1,2799.95033785235,1,0,0,2775,1,166.58963519148
75,5,"[2800,2850)",0,NA,0,0,0,2825,1,25.04966214765
75,5,"[2850,2900)",0,NA,0,0,0,2875,1,75.04966214765
75,5,"[2900,2950)",0,NA,0,0,0,2925,1,125.04966214765
75,5,"[2950,3000)",1,2983.28372638207,1,0,0,2975,1,183.33338852972
75,5,"[3000,3050)",0,NA,0,0,0,3025,1,41.7162736179298
75,5,"[3050,3100)",0,NA,0,0,0,3075,1,91.7162736179298
75,5,"[3100,3150)",1,3149.86044942634,1,1,0,3125,1,166.57672304427
75,5,"[3150,3200)",0,NA,0,0,0,3175,1,25.13955057366
75,5,"[3200,3250)",0,NA,0,0,0,3225,1,75.13955057366
75,5,"[3250,3300)",0,NA,0,0,0,3275,1,125.13955057366
75,5,"[3300,3350)",1,3333.11636501458,1,0,0,3325,1,183.25591558824
75,5,"[3350,3400)",0,NA,0,0,0,3375,1,41.88363498542
75,5,"[3400,3450)",0,NA,0,0,0,3425,1,91.88363498542
75,5,"[3450,3500)",0,NA,0,0,0,3475,1,141.88363498542
75,5,"[3500,3550)",1,3516.36797655374,1,0,0,3525,1,183.25161153916
75,5,"[3550,3600)",0,NA,0,0,0,3575,1,58.6320234462601
75,5,"[3600,3650)",0,NA,0,0,0,3625,1,108.63202344626
75,5,"[3650,3700)",1,3699.63978399755,1,0,0,3675,1,183.27180744381
75,5,"[3700,3750)",0,NA,0,0,0,3725,1,25.3602160024502
75,5,"[3750,3800)",0,NA,0,0,0,3775,1,75.3602160024502
75,5,"[3800,3850)",0,NA,0,0,0,3825,1,125.36021600245
75,5,"[3850,3900)",1,3882.87682796363,1,0,0,3875,1,183.23704396608
75,5,"[3900,3950)",0,NA,0,0,0,3925,1,42.1231720363699
75,5,"[3950,4000)",0,NA,0,0,0,3975,1,92.1231720363699
75,5,"[4000,4050)",1,4049.44560508011,1,0,0,4025,1,166.56877711648
75,5,"[4050,4100)",0,NA,0,0,0,4075,1,25.55439491989
75,5,"[4100,4150)",0,NA,0,0,0,4125,1,75.55439491989
75,5,"[4150,4200)",0,NA,0,0,0,4175,1,125.55439491989
75,5,"[4200,4250)",1,4232.73098684149,1,1,0,4225,1,183.28538176138
75,5,"[4250,4300)",0,NA,0,0,0,4275,1,42.2690131585096
75,5,"[4300,4350)",0,NA,0,0,0,4325,1,92.2690131585096
75,5,"[4350,4400)",1,4382.72155105369,1,0,0,4375,1,149.990564212199
75,5,"[4400,4450)",0,NA,0,0,0,4425,1,42.2784489463102
75,5,"[4450,4500)",0,NA,0,0,0,4475,1,92.2784489463102
75,5,"[4500,4550)",0,NA,0,0,0,4525,1,142.27844894631
75,5,"[4550,4600)",1,4565.97216933733,1,1,0,4575,1,183.250618283641
75,5,"[4600,4650)",0,NA,0,0,0,4625,1,59.0278306626697
75,5,"[4650,4700)",0,NA,0,0,0,4675,1,109.02783066267
75,5,"[4700,4750)",1,4732.53862885758,1,1,0,4725,1,166.56645952025
75,5,"[4750,4800)",0,NA,0,0,0,4775,1,42.4613711424199
75,5,"[4800,4850)",0,NA,0,0,0,4825,1,92.4613711424199
75,5,"[4850,4900)",1,4899.23321665265,1,0,0,4875,1,166.69458779507
75,5,"[4900,4950)",0,NA,0,0,0,4925,1,25.7667833473497
75,5,"[4950,5000)",0,NA,0,0,0,4975,1,75.7667833473497
75,5,"[5000,5050)",0,NA,0,0,0,5025,1,125.76678334735
75,5,"[5050,5100)",1,5065.87979779579,1,0,0,5075,1,166.64658114314
75,5,"[5100,5150)",0,NA,0,0,0,5125,1,59.1202022042098
75,5,"[5150,5200)",0,NA,0,0,0,5175,1,109.12020220421
75,5,"[5200,5250)",1,5232.4022235116,1,0,0,5225,1,166.52242571581
75,5,"[5250,5300)",0,NA,0,0,0,5275,1,42.5977764884001
75,5,"[5300,5350)",0,NA,0,0,0,5325,1,92.5977764884001
75,5,"[5350,5400)",0,NA,0,0,0,5375,1,142.5977764884
75,5,"[5400,5450)",1,5415.6717134174,1,0,0,5425,1,183.2694899058
75,5,"[5450,5500)",0,NA,0,0,0,5475,1,59.3282865826004
75,5,"[5500,5550)",0,NA,0,0,0,5525,1,109.3282865826
75,5,"[5550,5600)",1,5598.91703445464,1,0,0,5575,1,183.245321037241
75,5,"[5600,5650)",0,NA,0,0,0,5625,1,26.0829655453599
75,5,"[5650,5700)",0,NA,0,0,0,5675,1,76.0829655453599
75,5,"[5700,5750)",0,NA,0,0,0,5725,1,126.08296554536
75,5,"[5750,5800)",1,5765.54904796649,1,0,0,5775,1,166.63201351185
75,5,"[5800,5850)",0,NA,0,0,0,5825,1,59.4509520335096
75,5,"[5850,5900)",0,NA,0,0,0,5875,1,109.45095203351
75,5,"[5900,5950)",1,5948.8066189806,1,0,0,5925,1,183.25757101411
75,5,"[5950,6000]",0,NA,0,0,0,5975,1,26.1933810193996
75,6,"[ 100, 150)",2,140.441198367625,1,0,0,125,2,140.441198367625
75,6,"[ 150, 200)",0,NA,0,0,0,175,2,34.558801632375
75,6,"[ 200, 250)",0,NA,0,0,0,225,2,84.558801632375
75,6,"[ 250, 300)",0,NA,0,0,0,275,2,134.558801632375
75,6,"[ 300, 350)",2,340.251489018556,1,1,0,325,2,199.810290650931
75,6,"[ 350, 400)",0,NA,0,0,0,375,2,34.748510981444
75,6,"[ 400, 450)",0,NA,0,0,0,425,2,84.748510981444
75,6,"[ 450, 500)",0,NA,0,0,0,475,2,134.748510981444
75,6,"[ 500, 550)",2,507.066259218846,1,0,0,525,2,166.81477020029
75,6,"[ 550, 600)",0,NA,0,0,0,575,2,67.933740781154
75,6,"[ 600, 650)",0,NA,0,0,0,625,2,117.933740781154
75,6,"[ 650, 700)",2,673.558887676336,1,1,0,675,2,166.49262845749
75,6,"[ 700, 750)",0,NA,0,0,0,725,2,51.441112323664
75,6,"[ 750, 800)",0,NA,0,0,0,775,2,101.441112323664
75,6,"[ 800, 850)",0,NA,0,0,0,825,2,151.441112323664
75,6,"[ 850, 900)",2,856.927701854147,1,0,0,875,2,183.368814177811
75,6,"[ 900, 950)",0,NA,0,0,0,925,2,68.072298145853
75,6,"[ 950,1000)",0,NA,0,0,0,975,2,118.072298145853
75,6,"[1000,1050)",2,1023.5583910835,1,1,0,1025,2,166.630689229353
75,6,"[1050,1100)",0,NA,0,0,0,1075,2,51.4416089164999
75,6,"[1100,1150)",0,NA,0,0,0,1125,2,101.4416089165
75,6,"[1150,1200)",2,1190.25761401281,1,0,0,1175,2,166.69922292931
75,6,"[1200,1250)",0,NA,0,0,0,1225,2,34.7423859871899
75,6,"[1250,1300)",0,NA,0,0,0,1275,2,84.7423859871899
75,6,"[1300,1350)",0,NA,0,0,0,1325,2,134.74238598719
75,6,"[1350,1400)",2,1373.451286403,1,0,0,1375,2,183.19367239019
75,6,"[1400,1450)",0,NA,0,0,0,1425,2,51.548713597
75,6,"[1450,1500)",0,NA,0,0,0,1475,2,101.548713597
75,6,"[1500,1550)",0,NA,0,0,0,1525,2,151.548713597
75,6,"[1550,1600)",2,1556.49597238516,1,0,0,1575,2,183.04468598216
75,6,"[1600,1650)",0,NA,0,0,0,1625,2,68.50402761484
75,6,"[1650,1700)",0,NA,0,0,0,1675,2,118.50402761484
75,6,"[1700,1750)",2,1739.79194875574,1,1,0,1725,2,183.29597637058
75,6,"[1750,1800)",0,NA,0,0,0,1775,2,35.2080512442601
75,6,"[1800,1850)",0,NA,0,0,0,1825,2,85.2080512442601
75,6,"[1850,1900)",0,NA,0,0,0,1875,2,135.20805124426
75,6,"[1900,1950)",2,1923.19618858164,1,0,0,1925,2,183.4042398259
75,6,"[1950,2000)",0,NA,0,0,0,1975,2,51.8038114183601
75,6,"[2000,2050)",0,NA,0,0,0,2025,2,101.80381141836
75,6,"[2050,2100)",0,NA,0,0,0,2075,2,151.80381141836
75,6,"[2100,2150)",2,2122.93629010674,1,0,0,2125,2,199.7401015251
75,6,"[2150,2200)",0,NA,0,0,0,2175,2,52.0637098932598
75,6,"[2200,2250)",0,NA,0,0,0,2225,2,102.06370989326
75,6,"[2250,2300)",0,NA,0,0,0,2275,2,152.06370989326
75,6,"[2300,2350)",2,2306.35509750573,1,0,0,2325,2,183.41880739899
75,6,"[2350,2400)",0,NA,0,0,0,2375,2,68.6449024942699
75,6,"[2400,2450)",0,NA,0,0,0,2425,2,118.64490249427
75,6,"[2450,2500)",2,2489.53022935893,1,0,0,2475,2,183.1751318532
75,6,"[2500,2550)",0,NA,0,0,0,2525,2,35.4697706410702
75,6,"[2550,2600)",0,NA,0,0,0,2575,2,85.4697706410702
75,6,"[2600,2650)",0,NA,0,0,0,2625,2,135.46977064107
75,6,"[2650,2700)",2,2672.84110432956,1,1,0,2675,2,183.31087497063
75,6,"[2700,2750)",0,NA,0,0,0,2725,2,52.15889567044
75,6,"[2750,2800)",0,NA,0,0,0,2775,2,102.15889567044
75,6,"[2800,2850)",0,NA,0,0,0,2825,2,152.15889567044
75,6,"[2850,2900)",2,2856.03908076882,1,1,0,2875,2,183.19797643926
75,6,"[2900,2950)",0,NA,0,0,0,2925,2,68.96091923118
75,6,"[2950,3000)",0,NA,0,0,0,2975,2,118.96091923118
75,6,"[3000,3050)",2,3039.33174634585,1,0,0,3025,2,183.29266557703
75,6,"[3050,3100)",0,NA,0,0,0,3075,2,35.6682536541498
75,6,"[3100,3150)",0,NA,0,0,0,3125,2,85.6682536541498
75,6,"[3150,3200)",0,NA,0,0,0,3175,2,135.66825365415
75,6,"[3200,3250)",2,3222.49793901574,1,0,0,3225,2,183.16619266989
75,6,"[3250,3300)",0,NA,0,0,0,3275,2,52.50206098426
75,6,"[3300,3350)",0,NA,0,0,0,3325,2,102.50206098426
75,6,"[3350,3400)",0,NA,0,0,0,3375,2,152.50206098426
75,6,"[3400,3450)",2,3405.7783546159,1,1,0,3425,2,183.28041560016
75,6,"[3450,3500)",0,NA,0,0,0,3475,2,69.2216453841002
75,6,"[3500,3550)",0,NA,0,0,0,3525,2,119.2216453841
75,6,"[3550,3600)",2,3589.1316079651,1,0,0,3575,2,183.3532533492
75,6,"[3600,3650)",0,NA,0,0,0,3625,2,35.8683920348999
75,6,"[3650,3700)",0,NA,0,0,0,3675,2,85.8683920348999
75,6,"[3700,3750)",0,NA,0,0,0,3725,2,135.8683920349
75,6,"[3750,3800)",2,3772.41500327364,1,1,0,3775,2,183.28339530854
75,6,"[3800,3850)",0,NA,0,0,0,3825,2,52.5849967263598
75,6,"[3850,3900)",0,NA,0,0,0,3875,2,102.58499672636
75,6,"[3900,3950)",0,NA,0,0,0,3925,2,152.58499672636
75,6,"[3950,4000)",2,3955.60404052958,1,0,0,3975,2,183.18903725594
75,6,"[4000,4050)",0,NA,0,0,0,4025,2,69.3959594704202
75,6,"[4050,4100)",0,NA,0,0,0,4075,2,119.39595947042
75,6,"[4100,4150)",2,4122.31319589773,1,0,0,4125,2,166.70915536815
75,6,"[4150,4200)",0,NA,0,0,0,4175,2,52.6868041022699
75,6,"[4200,4250)",0,NA,0,0,0,4225,2,102.68680410227
75,6,"[4250,4300)",0,NA,0,0,0,4275,2,152.68680410227
75,6,"[4300,4350)",2,4322.15725682909,1,0,0,4325,2,199.84406093136
75,6,"[4350,4400)",0,NA,0,0,0,4375,2,52.8427431709097
75,6,"[4400,4450)",0,NA,0,0,0,4425,2,102.84274317091
75,6,"[4450,4500)",0,NA,0,0,0,4475,2,152.84274317091
75,6,"[4500,4550)",2,4505.47011831077,1,1,0,4525,2,183.31286148168
75,6,"[4550,4600)",0,NA,0,0,0,4575,2,69.52988168923
75,6,"[4600,4650)",0,NA,0,0,0,4625,2,119.52988168923
75,6,"[4650,4700)",2,4688.7783446582,1,0,0,4675,2,183.30822634743
75,6,"[4700,4750)",0,NA,0,0,0,4725,2,36.2216553418002
75,6,"[4750,4800)",0,NA,0,0,0,4775,2,86.2216553418002
75,6,"[4800,4850)",0,NA,0,0,0,4825,2,136.2216553418
75,6,"[4850,4900)",2,4871.95413868176,1,0,0,4875,2,183.17579402356
75,6,"[4900,4950)",0,NA,0,0,0,4925,2,53.04586131824
75,6,"[4950,5000)",0,NA,0,0,0,4975,2,103.04586131824
75,6,"[5000,5050)",0,NA,0,0,0,5025,2,153.04586131824
75,6,"[5050,5100)",2,5071.85183471302,1,0,0,5075,2,199.89769603126
75,6,"[5100,5150)",0,NA,0,0,0,5125,2,53.1481652869797
75,6,"[5150,5200)",0,NA,0,0,0,5175,2,103.14816528698
75,6,"[5200,5250)",2,5238.48020634614,1,0,0,5225,2,166.62837163312
75,6,"[5250,5300)",0,NA,0,0,0,5275,2,36.5197936538598
75,6,"[5300,5350)",0,NA,0,0,0,5325,2,86.5197936538598
75,6,"[5350,5400)",0,NA,0,0,0,5375,2,136.51979365386
75,6,"[5400,5450)",2,5405.15625360422,1,0,0,5425,2,166.67604725808
75,6,"[5450,5500)",0,NA,0,0,0,5475,2,69.8437463957798
75,6,"[5500,5550)",0,NA,0,0,0,5525,2,119.84374639578
75,6,"[5550,5600)",0,NA,0,0,0,5575,2,169.84374639578
75,6,"[5600,5650)",2,5605.05659825867,1,1,0,5625,2,199.90034465445
75,6,"[5650,5700)",0,NA,0,0,0,5675,2,69.9434017413296
75,6,"[5700,5750)",0,NA,0,0,0,5725,2,119.94340174133
75,6,"[5750,5800)",2,5771.66245644912,1,0,0,5775,2,166.60585819045
75,6,"[5800,5850)",0,NA,0,0,0,5825,2,53.3375435508797
75,6,"[5850,5900)",0,NA,0,0,0,5875,2,103.33754355088
75,6,"[5900,5950)",2,5938.32592264516,1,1,0,5925,2,166.66346619604
75,6,"[5950,6000]",0,NA,0,0,0,5975,2,36.6740773548399
75,7,"[ 100, 150)",2,149.367801088374,1,1,0,125,2,149.367801088374
75,7,"[ 150, 200)",0,NA,0,0,0,175,2,25.632198911626
75,7,"[ 200, 250)",0,NA,0,0,0,225,2,75.632198911626
75,7,"[ 250, 300)",0,NA,0,0,0,275,2,125.632198911626
75,7,"[ 300, 350)",2,316.103774006478,1,0,0,325,2,166.735972918104
75,7,"[ 350, 400)",0,NA,0,0,0,375,2,58.896225993522
75,7,"[ 400, 450)",0,NA,0,0,0,425,2,108.896225993522
75,7,"[ 450, 500)",2,499.41067607142,1,1,0,475,2,183.306902064942
75,7,"[ 500, 550)",0,NA,0,0,0,525,2,25.58932392858
75,7,"[ 550, 600)",0,NA,0,0,0,575,2,75.58932392858
75,7,"[ 600, 650)",0,NA,0,0,0,625,2,125.58932392858
75,7,"[ 650, 700)",2,665.82119645318,1,0,0,675,2,166.41052038176
75,7,"[ 700, 750)",0,NA,0,0,0,725,2,59.1788035468199
75,7,"[ 750, 800)",0,NA,0,0,0,775,2,109.17880354682
75,7,"[ 800, 850)",2,832.442284328863,1,0,0,825,2,166.621087875683
75,7,"[ 850, 900)",0,NA,0,0,0,875,2,42.557715671137
75,7,"[ 900, 950)",0,NA,0,0,0,925,2,92.557715671137
75,7,"[ 950,1000)",0,NA,0,0,0,975,2,142.557715671137
75,7,"[1000,1050)",2,1032.28866279824,1,1,0,1025,2,199.846378469377
75,7,"[1050,1100)",0,NA,0,0,0,1075,2,42.71133720176
75,7,"[1100,1150)",0,NA,0,0,0,1125,2,92.71133720176
75,7,"[1150,1200)",2,1198.93689930905,1,0,0,1175,2,166.64823651081
75,7,"[1200,1250)",0,NA,0,0,0,1225,2,26.06310069095
75,7,"[1250,1300)",0,NA,0,0,0,1275,2,76.06310069095
75,7,"[1300,1350)",0,NA,0,0,0,1325,2,126.06310069095
75,7,"[1350,1400)",2,1382.19811220188,1,0,0,1375,2,183.26121289283
75,7,"[1400,1450)",0,NA,0,0,0,1425,2,42.8018877981201
75,7,"[1450,1500)",0,NA,0,0,0,1475,2,92.8018877981201
75,7,"[1500,1550)",2,1548.8016527961,1,0,0,1525,2,166.60354059422
75,7,"[1550,1600)",0,NA,0,0,0,1575,2,26.1983472039001
75,7,"[1600,1650)",0,NA,0,0,0,1625,2,76.1983472039001
75,7,"[1650,1700)",0,NA,0,0,0,1675,2,126.1983472039
75,7,"[1700,1750)",2,1748.76589601627,1,0,0,1725,2,199.96424322017
75,7,"[1750,1800)",0,NA,0,0,0,1775,2,26.2341039837299
75,7,"[1800,1850)",0,NA,0,0,0,1825,2,76.2341039837299
75,7,"[1850,1900)",0,NA,0,0,0,1875,2,126.23410398373
75,7,"[1900,1950)",2,1915.3340109624,1,0,0,1925,2,166.56811494613
75,7,"[1950,2000)",0,NA,0,0,0,1975,2,59.6659890376
75,7,"[2000,2050)",0,NA,0,0,0,2025,2,109.6659890376
75,7,"[2050,2100)",2,2098.66011567647,1,0,0,2075,2,183.32610471407
75,7,"[2100,2150)",0,NA,0,0,0,2125,2,26.33988432353
75,7,"[2150,2200)",0,NA,0,0,0,2175,2,76.33988432353
75,7,"[2200,2250)",0,NA,0,0,0,2225,2,126.33988432353
75,7,"[2250,2300)",2,2281.89417993417,1,1,0,2275,2,183.2340642577
75,7,"[2300,2350)",0,NA,0,0,0,2325,2,43.1058200658299
75,7,"[2350,2400)",0,NA,0,0,0,2375,2,93.1058200658299
75,7,"[2400,2450)",0,NA,0,0,0,2425,2,143.10582006583
75,7,"[2450,2500)",2,2465.16234549927,1,1,0,2475,2,183.2681655651
75,7,"[2500,2550)",0,NA,0,0,0,2525,2,59.83765450073
75,7,"[2550,2600)",0,NA,0,0,0,2575,2,109.83765450073
75,7,"[2600,2650)",2,2648.40965298936,1,0,0,2625,2,183.24730749009
75,7,"[2650,2700)",0,NA,0,0,0,2675,2,26.59034701064
75,7,"[2700,2750)",0,NA,0,0,0,2725,2,76.59034701064
75,7,"[2750,2800)",0,NA,0,0,0,2775,2,126.59034701064
75,7,"[2800,2850)",2,2831.70894021168,1,0,0,2825,2,183.29928722232
75,7,"[2850,2900)",0,NA,0,0,0,2875,2,43.2910597883201
75,7,"[2900,2950)",0,NA,0,0,0,2925,2,93.2910597883201
75,7,"[2950,3000)",0,NA,0,0,0,2975,2,143.29105978832
75,7,"[3000,3050)",2,3014.95790306944,1,0,0,3025,2,183.24896285776
75,7,"[3050,3100)",0,NA,0,0,0,3075,2,60.0420969305601
75,7,"[3100,3150)",0,NA,0,0,0,3125,2,110.04209693056
75,7,"[3150,3200)",2,3198.18435248453,1,0,0,3175,2,183.22644941509
75,7,"[3200,3250)",0,NA,0,0,0,3225,2,26.8156475154701
75,7,"[3250,3300)",0,NA,0,0,0,3275,2,76.8156475154701
75,7,"[3300,3350)",0,NA,0,0,0,3325,2,126.81564751547
75,7,"[3350,3400)",2,3381.48661935702,1,1,0,3375,2,183.30226687249
75,7,"[3400,3450)",0,NA,0,0,0,3425,2,43.5133806429799
75,7,"[3450,3500)",0,NA,0,0,0,3475,2,93.5133806429799
75,7,"[3500,3550)",0,NA,0,0,0,3525,2,143.51338064298
75,7,"[3550,3600)",2,3581.39424782712,1,0,0,3575,2,199.9076284701
75,7,"[3600,3650)",0,NA,0,0,0,3625,2,43.6057521728799
75,7,"[3650,3700)",0,NA,0,0,0,3675,2,93.6057521728799
75,7,"[3700,3750)",0,NA,0,0,0,3725,2,143.60575217288
75,7,"[3750,3800)",2,3764.65744717279,1,1,0,3775,2,183.26319934567
75,7,"[3800,3850)",0,NA,0,0,0,3825,2,60.3425528272101
75,7,"[3850,3900)",0,NA,0,0,0,3875,2,110.34255282721
75,7,"[3900,3950)",2,3947.93786277296,1,0,0,3925,2,183.28041560017
75,7,"[3950,4000)",0,NA,0,0,0,3975,2,27.0621372270398
75,7,"[4000,4050)",0,NA,0,0,0,4025,2,77.0621372270398
75,7,"[4050,4100)",0,NA,0,0,0,4075,2,127.06213722704
75,7,"[4100,4150)",0,NA,0,0,0,4125,2,177.06213722704
75,7,"[4150,4200)",2,4164.62334583048,1,1,0,4175,2,216.685483057519
75,7,"[4200,4250)",0,NA,0,0,0,4225,2,60.3766541695204
75,7,"[4250,4300)",0,NA,0,0,0,4275,2,110.37665416952
75,7,"[4300,4350)",2,4347.83655201318,1,0,0,4325,2,183.213206182701
75,7,"[4350,4400)",0,NA,0,0,0,4375,2,27.1634479868198
75,7,"[4400,4450)",0,NA,0,0,0,4425,2,77.1634479868198
75,7,"[4450,4500)",0,NA,0,0,0,4475,2,127.16344798682
75,7,"[4500,4550)",2,4531.08154190704,1,0,0,4525,2,183.24498989386
75,7,"[4550,4600)",0,NA,0,0,0,4575,2,43.9184580929596
75,7,"[4600,4650)",0,NA,0,0,0,4625,2,93.9184580929596
75,7,"[4650,4700)",0,NA,0,0,0,4675,2,143.91845809296
75,7,"[4700,4750)",2,4714.35103181284,1,1,0,4725,2,183.2694899058
75,7,"[4750,4800)",0,NA,0,0,0,4775,2,60.6489681871599
75,7,"[4800,4850)",0,NA,0,0,0,4825,2,110.64896818716
75,7,"[4850,4900)",2,4897.68541359808,1,0,0,4875,2,183.33438178524
75,7,"[4900,4950)",0,NA,0,0,0,4925,2,27.3145864019198
75,7,"[4950,5000)",0,NA,0,0,0,4975,2,77.3145864019198
75,7,"[5000,5050)",0,NA,0,0,0,5025,2,127.31458640192
75,7,"[5050,5100)",2,5097.54238667665,1,0,0,5075,2,199.856973078569
75,7,"[5100,5150)",0,NA,0,0,0,5125,2,27.4576133233504
75,7,"[5150,5200)",0,NA,0,0,0,5175,2,77.4576133233504
75,7,"[5200,5250)",0,NA,0,0,0,5225,2,127.45761332335
75,7,"[5250,5300)",0,NA,0,0,0,5275,2,177.45761332335
75,7,"[5300,5350)",2,5314.14178869454,1,0,0,5325,2,216.59940201789
75,7,"[5350,5400)",0,NA,0,0,0,5375,2,60.8582113054599
75,7,"[5400,5450)",0,NA,0,0,0,5425,2,110.85821130546
75,7,"[5450,5500)",2,5480.80558603397,1,0,0,5475,2,166.66379733943
75,7,"[5500,5550)",0,NA,0,0,0,5525,2,44.19441396603
75,7,"[5550,5600)",0,NA,0,0,0,5575,2,94.19441396603
75,7,"[5600,5650)",0,NA,0,0,0,5625,2,144.19441396603
75,7,"[5650,5700)",2,5664.06348807504,1,0,0,5675,2,183.25790204107
75,7,"[5700,5750)",0,NA,0,0,0,5725,2,60.9365119249596
75,7,"[5750,5800)",0,NA,0,0,0,5775,2,110.93651192496
75,7,"[5800,5850)",0,NA,0,0,0,5825,2,160.93651192496
75,7,"[5850,5900)",2,5863.91648818972,1,0,0,5875,2,199.85300011468
75,7,"[5900,5950)",0,NA,0,0,0,5925,2,61.0835118102796
75,7,"[5950,6000]",0,NA,0,0,0,5975,2,111.08351181028
75,8,"[ 100, 150)",2,124.523160804529,1,0,0,125,2,124.523160804529
75,8,"[ 150, 200)",0,NA,0,0,0,175,2,50.476839195471
75,8,"[ 200, 250)",0,NA,0,0,0,225,2,100.476839195471
75,8,"[ 250, 300)",0,NA,0,0,0,275,2,150.476839195471
75,8,"[ 300, 350)",2,341.226191143505,1,0,0,325,2,216.703030338976
75,8,"[ 350, 400)",0,NA,0,0,0,375,2,33.773808856495
75,8,"[ 400, 450)",0,NA,0,0,0,425,2,83.773808856495
75,8,"[ 450, 500)",0,NA,0,0,0,475,2,133.773808856495
75,8,"[ 500, 550)",2,524.422512215097,1,0,0,525,2,183.196321071592
75,8,"[ 550, 600)",0,NA,0,0,0,575,2,50.577487784903
75,8,"[ 600, 650)",0,NA,0,0,0,625,2,100.577487784903
75,8,"[ 650, 700)",0,NA,0,0,0,675,2,150.577487784903
75,8,"[ 700, 750)",2,707.661873719189,1,0,0,725,2,183.239361504092
75,8,"[ 750, 800)",0,NA,0,0,0,775,2,67.338126280811
75,8,"[ 800, 850)",0,NA,0,0,0,825,2,117.338126280811
75,8,"[ 850, 900)",2,890.92672849074,1,0,0,875,2,183.264854771551
75,8,"[ 900, 950)",0,NA,0,0,0,925,2,34.0732715092601
75,8,"[ 950,1000)",0,NA,0,0,0,975,2,84.0732715092601
75,8,"[1000,1050)",0,NA,0,0,0,1025,2,134.07327150926
75,8,"[1050,1100)",2,1074.13231977262,1,0,0,1075,2,183.20559128188
75,8,"[1100,1150)",0,NA,0,0,0,1125,2,50.8676802273801
75,8,"[1150,1200)",0,NA,0,0,0,1175,2,100.86768022738
75,8,"[1200,1250)",0,NA,0,0,0,1225,2,150.86768022738
75,8,"[1250,1300)",2,1257.45014753193,1,0,0,1275,2,183.31782775931
75,8,"[1300,1350)",0,NA,0,0,0,1325,2,67.54985246807
75,8,"[1350,1400)",0,NA,0,0,0,1375,2,117.54985246807
75,8,"[1400,1450)",0,NA,0,0,0,1425,2,167.54985246807
75,8,"[1450,1500)",2,1457.33393810224,1,0,0,1475,2,199.88379057031
75,8,"[1500,1550)",0,NA,0,0,0,1525,2,67.6660618977601
75,8,"[1550,1600)",0,NA,0,0,0,1575,2,117.66606189776
75,8,"[1600,1650)",0,NA,0,0,0,1625,2,167.66606189776
75,8,"[1650,1700)",2,1657.28493814822,1,0,0,1675,2,199.95100004598
75,8,"[1700,1750)",0,NA,0,0,0,1725,2,67.7150618517801
75,8,"[1750,1800)",0,NA,0,0,0,1775,2,117.71506185178
75,8,"[1800,1850)",2,1840.48821189208,1,0,0,1825,2,183.20327374386
75,8,"[1850,1900)",0,NA,0,0,0,1875,2,34.51178810792
75,8,"[1900,1950)",0,NA,0,0,0,1925,2,84.51178810792
75,8,"[1950,2000)",0,NA,0,0,0,1975,2,134.51178810792
75,8,"[2000,2050)",2,2023.7520734081,1,0,0,2025,2,183.26386151602
75,8,"[2050,2100)",0,NA,0,0,0,2075,2,51.2479265919001
75,8,"[2100,2150)",0,NA,0,0,0,2125,2,101.2479265919
75,8,"[2150,2200)",2,2190.39070856525,1,0,0,2175,2,166.63863515715
75,8,"[2200,2250)",0,NA,0,0,0,2225,2,34.60929143475
75,8,"[2250,2300)",0,NA,0,0,0,2275,2,84.60929143475
75,8,"[2300,2350)",0,NA,0,0,0,2325,2,134.60929143475
75,8,"[2350,2400)",0,NA,0,0,0,2375,2,184.60929143475
75,8,"[2400,2450)",2,2406.92852961365,1,1,0,2425,2,216.5378210484
75,8,"[2450,2500)",0,NA,0,0,0,2475,2,68.07147038635
75,8,"[2500,2550)",0,NA,0,0,0,2525,2,118.07147038635
75,8,"[2550,2600)",2,2573.62146198284,1,0,0,2575,2,166.69293236919
75,8,"[2600,2650)",0,NA,0,0,0,2625,2,51.3785380171598
75,8,"[2650,2700)",0,NA,0,0,0,2675,2,101.37853801716
75,8,"[2700,2750)",0,NA,0,0,0,2725,2,151.37853801716
75,8,"[2750,2800)",2,2756.95087754866,1,0,0,2775,2,183.32941556582
75,8,"[2800,2850)",0,NA,0,0,0,2825,2,68.0491224513398
75,8,"[2850,2900)",0,NA,0,0,0,2875,2,118.04912245134
75,8,"[2900,2950)",2,2923.46469522454,1,1,0,2925,2,166.51381767588
75,8,"[2950,3000)",0,NA,0,0,0,2975,2,51.5353047754602
75,8,"[3000,3050)",0,NA,0,0,0,3025,2,101.53530477546
75,8,"[3050,3100)",2,3090.07055335678,1,0,0,3075,2,166.60585813224
75,8,"[3100,3150)",0,NA,0,0,0,3125,2,34.9294466432202
75,8,"[3150,3200)",0,NA,0,0,0,3175,2,84.9294466432202
75,8,"[3200,3250)",0,NA,0,0,0,3225,2,134.92944664322
75,8,"[3250,3300)",2,3256.68568175752,1,0,0,3275,2,166.61512840074
75,8,"[3300,3350)",0,NA,0,0,0,3325,2,68.3143182424801
75,8,"[3350,3400)",0,NA,0,0,0,3375,2,118.31431824248
75,8,"[3400,3450)",2,3423.31769526936,1,0,0,3425,2,166.63201351184
75,8,"[3450,3500)",0,NA,0,0,0,3475,2,51.6823047306402
75,8,"[3500,3550)",0,NA,0,0,0,3525,2,101.68230473064
75,8,"[3550,3600)",0,NA,0,0,0,3575,2,151.68230473064
75,8,"[3600,3650)",2,3623.20247915341,1,0,0,3625,2,199.88478388405
75,8,"[3650,3700)",0,NA,0,0,0,3675,2,51.79752084659
75,8,"[3700,3750)",0,NA,0,0,0,3725,2,101.79752084659
75,8,"[3750,3800)",0,NA,0,0,0,3775,2,151.79752084659
75,8,"[3800,3850)",2,3806.46700283978,1,0,0,3825,2,183.26452368637
75,8,"[3850,3900)",0,NA,0,0,0,3875,2,68.53299716022
75,8,"[3900,3950)",0,NA,0,0,0,3925,2,118.53299716022
75,8,"[3950,4000)",2,3973.06193533586,1,0,0,3975,2,166.59493249608
75,8,"[4000,4050)",0,NA,0,0,0,4025,2,51.9380646641398
75,8,"[4050,4100)",0,NA,0,0,0,4075,2,101.93806466414
75,8,"[4100,4150)",2,4139.63965157745,1,0,0,4125,2,166.57771624159
75,8,"[4150,4200)",0,NA,0,0,0,4175,2,35.3603484225496
75,8,"[4200,4250)",0,NA,0,0,0,4225,2,85.3603484225496
75,8,"[4250,4300)",0,NA,0,0,0,4275,2,135.36034842255
75,8,"[4300,4350)",2,4322.9386077146,1,0,0,4325,2,183.29895613715
75,8,"[4350,4400)",0,NA,0,0,0,4375,2,52.0613922854
75,8,"[4400,4450)",0,NA,0,0,0,4425,2,102.0613922854
75,8,"[4450,4500)",0,NA,0,0,0,4475,2,152.0613922854
75,8,"[4500,4550)",2,4522.85683073569,1,0,0,4525,2,199.91822302109
75,8,"[4550,4600)",0,NA,0,0,0,4575,2,52.14316926431
75,8,"[4600,4650)",0,NA,0,0,0,4625,2,102.14316926431
75,8,"[4650,4700)",2,4689.50870912522,1,0,0,4675,2,166.65187838953
75,8,"[4700,4750)",0,NA,0,0,0,4725,2,35.4912908747801
75,8,"[4750,4800)",0,NA,0,0,0,4775,2,85.4912908747801
75,8,"[4800,4850)",0,NA,0,0,0,4825,2,135.49129087478
75,8,"[4850,4900)",2,4872.75436118944,1,0,0,4875,2,183.24565206422
75,8,"[4900,4950)",0,NA,0,0,0,4925,2,52.2456388105602
75,8,"[4950,5000)",0,NA,0,0,0,4975,2,102.24563881056
75,8,"[5000,5050)",0,NA,0,0,0,5025,2,152.24563881056
75,8,"[5050,5100)",2,5055.96988491016,1,1,0,5075,2,183.21552372072
75,8,"[5100,5150)",0,NA,0,0,0,5125,2,69.0301150898404
75,8,"[5150,5200)",0,NA,0,0,0,5175,2,119.03011508984
75,8,"[5200,5250)",2,5239.27943559829,1,0,0,5225,2,183.30955068813
75,8,"[5250,5300)",0,NA,0,0,0,5275,2,35.7205644017104
75,8,"[5300,5350)",0,NA,0,0,0,5325,2,85.7205644017104
75,8,"[5350,5400)",0,NA,0,0,0,5375,2,135.72056440171
75,8,"[5400,5450)",2,5439.22646262217,1,1,0,5425,2,199.947027023881
75,8,"[5450,5500)",0,NA,0,0,0,5475,2,35.7735373778296
75,8,"[5500,5550)",0,NA,0,0,0,5525,2,85.7735373778296
75,8,"[5550,5600)",0,NA,0,0,0,5575,2,135.77353737783
75,8,"[5600,5650)",2,5639.22215858474,1,0,0,5625,2,199.99569596257
75,8,"[5650,5700)",0,NA,0,0,0,5675,2,35.7778414152599
75,8,"[5700,5750)",0,NA,0,0,0,5725,2,85.7778414152599
75,8,"[5750,5800)",0,NA,0,0,0,5775,2,135.77784141526
75,8,"[5800,5850)",2,5822.43437151192,1,0,0,5825,2,183.21221292718
75,8,"[5850,5900)",0,NA,0,0,0,5875,2,52.5656284880797
75,8,"[5900,5950)",0,NA,0,0,0,5925,2,102.56562848808
75,8,"[5950,6000]",2,5988.98824997013,1,0,0,5975,2,166.55387845821
75,9,"[ 100, 150)",0,NA,0,0,0,125,2,125
75,9,"[ 150, 200)",0,NA,0,0,0,175,2,175
75,9,"[ 200, 250)",2,214.590072224382,1,0,0,225,2,214.590072224382
75,9,"[ 250, 300)",0,NA,0,0,0,275,2,60.409927775618
75,9,"[ 300, 350)",0,NA,0,0,0,325,2,110.409927775618
75,9,"[ 350, 400)",2,397.94464991428,1,0,0,375,2,183.354577689898
75,9,"[ 400, 450)",0,NA,0,0,0,425,2,27.05535008572
75,9,"[ 450, 500)",0,NA,0,0,0,475,2,77.05535008572
75,9,"[ 500, 550)",0,NA,0,0,0,525,2,127.05535008572
75,9,"[ 550, 600)",2,581.115477718413,1,0,0,575,2,183.170827804133
75,9,"[ 600, 650)",0,NA,0,0,0,625,2,43.884522281587
75,9,"[ 650, 700)",0,NA,0,0,0,675,2,93.884522281587
75,9,"[ 700, 750)",0,NA,0,0,0,725,2,143.884522281587
75,9,"[ 750, 800)",2,781.016815628391,1,0,0,775,2,199.901337909978
75,9,"[ 800, 850)",0,NA,0,0,0,825,2,43.983184371609
75,9,"[ 850, 900)",0,NA,0,0,0,875,2,93.983184371609
75,9,"[ 900, 950)",0,NA,0,0,0,925,2,143.983184371609
75,9,"[ 950,1000)",2,964.277366350871,1,0,0,975,2,183.26055072248
75,9,"[1000,1050)",0,NA,0,0,0,1025,2,60.722633649129
75,9,"[1050,1100)",0,NA,0,0,0,1075,2,110.722633649129
75,9,"[1100,1150)",2,1147.50613330398,1,0,0,1125,2,183.228766953109
75,9,"[1150,1200)",0,NA,0,0,0,1175,2,27.4938666960199
75,9,"[1200,1250)",0,NA,0,0,0,1225,2,77.4938666960199
75,9,"[1250,1300)",0,NA,0,0,0,1275,2,127.49386669602
75,9,"[1300,1350)",2,1330.85541368928,1,0,0,1325,2,183.3492803853
75,9,"[1350,1400)",0,NA,0,0,0,1375,2,44.1445863107199
75,9,"[1400,1450)",0,NA,0,0,0,1425,2,94.1445863107199
75,9,"[1450,1500)",0,NA,0,0,0,1475,2,144.14458631072
75,9,"[1500,1550)",1,1547.30616044253,1,0,1,1525,1,216.45074675325
75,9,"[1550,1600)",0,NA,0,0,0,1575,1,27.69383955747
75,9,"[1600,1650)",0,NA,0,0,0,1625,1,77.69383955747
75,9,"[1650,1700)",0,NA,0,0,0,1675,1,127.69383955747
75,9,"[1700,1750)",1,1747.27768747834,1,1,0,1725,1,199.97152703581
75,9,"[1750,1800)",0,NA,0,0,0,1775,1,27.7223125216599
75,9,"[1800,1850)",0,NA,0,0,0,1825,1,77.7223125216599
75,9,"[1850,1900)",1,1897.64038659632,1,0,0,1875,1,150.36269911798
75,9,"[1900,1950)",0,NA,0,0,0,1925,1,27.35961340368
75,9,"[1950,2000)",0,NA,0,0,0,1975,1,77.35961340368
75,9,"[2000,2050)",0,NA,0,0,0,2025,1,127.35961340368
75,9,"[2050,2100)",1,2080.79267386347,1,0,0,2075,1,183.15228726715
75,9,"[2100,2150)",0,NA,0,0,0,2125,1,44.2073261365299
75,9,"[2150,2200)",0,NA,0,0,0,2175,1,94.2073261365299
75,9,"[2200,2250)",1,2247.28099827189,1,0,0,2225,1,166.48832440842
75,9,"[2250,2300)",0,NA,0,0,0,2275,1,27.71900172811
75,9,"[2300,2350)",0,NA,0,0,0,2325,1,77.71900172811
75,9,"[2350,2400)",0,NA,0,0,0,2375,1,127.71900172811
75,9,"[2400,2450)",1,2413.85705914581,1,0,0,2425,1,166.57606087392
75,9,"[2450,2500)",0,NA,0,0,0,2475,1,61.1429408541899
75,9,"[2500,2550)",0,NA,0,0,0,2525,1,111.14294085419
75,9,"[2550,2600)",1,2597.1384679433,1,0,0,2575,1,183.28140879749
75,9,"[2600,2650)",0,NA,0,0,0,2625,1,27.8615320567001
75,9,"[2650,2700)",0,NA,0,0,0,2675,1,77.8615320567001
75,9,"[2700,2750)",0,NA,0,0,0,2725,1,127.8615320567
75,9,"[2750,2800)",1,2763.58275866369,1,1,0,2775,1,166.44429072039
75,9,"[2800,2850)",0,NA,0,0,0,2825,1,61.4172413363099
75,9,"[2850,2900)",0,NA,0,0,0,2875,1,111.41724133631
75,9,"[2900,2950)",1,2931.51062272955,1,1,0,2925,1,167.92786406586
75,9,"[2950,3000)",0,NA,0,0,0,2975,1,43.4893772704499
75,9,"[3000,3050)",0,NA,0,0,0,3025,1,93.4893772704499
75,9,"[3050,3100)",1,3097.79632568825,1,0,0,3075,1,166.2857029587
75,9,"[3100,3150)",0,NA,0,0,0,3125,1,27.2036743117501
75,9,"[3150,3200)",0,NA,0,0,0,3175,1,77.2036743117501
75,9,"[3200,3250)",0,NA,0,0,0,3225,1,127.20367431175
75,9,"[3250,3300)",0,NA,0,0,0,3275,1,177.20367431175
75,9,"[3300,3350)",1,3313.51670803269,1,0,0,3325,1,215.72038234444
75,9,"[3350,3400)",0,NA,0,0,0,3375,1,61.4832919673099
75,9,"[3400,3450)",0,NA,0,0,0,3425,1,111.48329196731
75,9,"[3450,3500)",1,3480.3599511506,1,0,0,3475,1,166.84324311791
75,9,"[3500,3550)",0,NA,0,0,0,3525,1,44.6400488494
75,9,"[3550,3600)",0,NA,0,0,0,3575,1,94.6400488494
75,9,"[3600,3650)",1,3646.72478241846,1,0,0,3625,1,166.36483126786
75,9,"[3650,3700)",0,NA,0,0,0,3675,1,28.2752175815399
75,9,"[3700,3750)",0,NA,0,0,0,3725,1,78.2752175815399
75,9,"[3750,3800)",0,NA,0,0,0,3775,1,128.27521758154
75,9,"[3800,3850)",1,3813.30084329238,1,0,0,3825,1,166.57606087392
75,9,"[3850,3900)",0,NA,0,0,0,3875,1,61.6991567076202
75,9,"[3900,3950)",0,NA,0,0,0,3925,1,111.69915670762
75,9,"[3950,4000)",1,3979.80770823779,1,0,0,3975,1,166.50686494541
75,9,"[4000,4050)",0,NA,0,0,0,4025,1,45.1922917622101
75,9,"[4050,4100)",0,NA,0,0,0,4075,1,95.1922917622101
75,9,"[4100,4150)",1,4146.39502583304,1,0,0,4125,1,166.58731759525
75,9,"[4150,4200)",0,NA,0,0,0,4175,1,28.6049741669603
75,9,"[4200,4250)",0,NA,0,0,0,4225,1,78.6049741669603
75,9,"[4250,4300)",0,NA,0,0,0,4275,1,128.60497416696
75,9,"[4300,4350)",1,4329.62313067401,1,0,0,4325,1,183.22810484097
75,9,"[4350,4400)",0,NA,0,0,0,4375,1,45.3768693259899
75,9,"[4400,4450)",0,NA,0,0,0,4425,1,95.3768693259899
75,9,"[4450,4500)",1,4496.39651569305,1,0,0,4475,1,166.77338501904
75,9,"[4500,4550)",0,NA,0,0,0,4525,1,28.6034843069501
75,9,"[4550,4600)",0,NA,0,0,0,4575,1,78.6034843069501
75,9,"[4600,4650)",0,NA,0,0,0,4625,1,128.60348430695
75,9,"[4650,4700)",1,4662.91132662445,1,0,0,4675,1,166.5148109314
75,9,"[4700,4750)",0,NA,0,0,0,4725,1,62.0886733755497
75,9,"[4750,4800)",0,NA,0,0,0,4775,1,112.08867337555
75,9,"[4800,4850)",1,4829.49698885204,1,0,0,4825,1,166.58566222759
75,9,"[4850,4900)",0,NA,0,0,0,4875,1,45.50301114796
75,9,"[4900,4950)",0,NA,0,0,0,4925,1,95.50301114796
75,9,"[4950,5000)",0,NA,0,0,0,4975,1,145.50301114796
75,9,"[5000,5050)",1,5012.74926250335,1,0,0,5025,1,183.25227365131
75,9,"[5050,5100)",0,NA,0,0,0,5075,1,62.2507374966499
75,9,"[5100,5150)",0,NA,0,0,0,5125,1,112.25073749665
75,9,"[5150,5200)",1,5196.0220632609,1,1,0,5175,1,183.27280075755
75,9,"[5200,5250)",0,NA,0,0,0,5225,1,28.9779367391002
75,9,"[5250,5300)",0,NA,0,0,0,5275,1,78.9779367391002
75,9,"[5300,5350)",0,NA,0,0,0,5325,1,128.9779367391
75,9,"[5350,5400)",1,5362.61302273488,1,0,0,5375,1,166.590959473981
75,9,"[5400,5450)",0,NA,0,0,0,5425,1,62.3869772651196
75,9,"[5450,5500)",0,NA,0,0,0,5475,1,112.38697726512
75,9,"[5500,5550)",1,5545.86430318886,1,1,0,5525,1,183.251280453979
75,9,"[5550,5600)",0,NA,0,0,0,5575,1,29.1356968111404
75,9,"[5600,5650)",0,NA,0,0,0,5625,1,79.1356968111404
75,9,"[5650,5700)",0,NA,0,0,0,5675,1,129.13569681114
75,9,"[5700,5750)",1,5729.12849579006,1,0,0,5725,1,183.2641926012
75,9,"[5750,5800)",0,NA,0,0,0,5775,1,45.8715042099402
75,9,"[5800,5850)",0,NA,0,0,0,5825,1,95.8715042099402
75,9,"[5850,5900)",0,NA,0,0,0,5875,1,145.87150420994
75,9,"[5900,5950)",1,5912.46420191601,1,0,0,5925,1,183.33570612595
75,9,"[5950,6000]",0,NA,0,0,0,5975,1,62.5357980839899
75,10,"[ 100, 150)",1,148.468254308682,1,1,0,125,1,148.468254308682
75,10,"[ 150, 200)",0,NA,0,0,0,175,1,26.531745691318
75,10,"[ 200, 250)",0,NA,0,0,0,225,1,76.531745691318
75,10,"[ 250, 300)",0,NA,0,0,0,275,1,126.531745691318
75,10,"[ 300, 350)",1,348.41329487972,1,0,0,325,1,199.945040571038
75,10,"[ 350, 400)",0,NA,0,0,0,375,1,26.58670512028
75,10,"[ 400, 450)",0,NA,0,0,0,425,1,76.58670512028
75,10,"[ 450, 500)",0,NA,0,0,0,475,1,126.58670512028
75,10,"[ 500, 550)",1,531.612264574505,1,0,0,525,1,183.198969694785
75,10,"[ 550, 600)",0,NA,0,0,0,575,1,43.387735425495
75,10,"[ 600, 650)",0,NA,0,0,0,625,1,93.387735425495
75,10,"[ 650, 700)",1,698.20123759564,1,0,0,675,1,166.588973021135
75,10,"[ 700, 750)",0,NA,0,0,0,725,1,26.79876240436
75,10,"[ 750, 800)",0,NA,0,0,0,775,1,76.79876240436
75,10,"[ 800, 850)",0,NA,0,0,0,825,1,126.79876240436
75,10,"[ 850, 900)",1,864.971311821137,1,1,0,875,1,166.770074225497
75,10,"[ 900, 950)",0,NA,0,0,0,925,1,60.028688178863
75,10,"[ 950,1000)",0,NA,0,0,0,975,1,110.028688178863
75,10,"[1000,1050)",1,1031.82581171859,1,0,0,1025,1,166.854499897453
75,10,"[1050,1100)",0,NA,0,0,0,1075,1,43.1741882814099
75,10,"[1100,1150)",0,NA,0,0,0,1125,1,93.1741882814099
75,10,"[1150,1200)",1,1198.05092684692,1,0,0,1175,1,166.22511512833
75,10,"[1200,1250)",0,NA,0,0,0,1225,1,26.94907315308
75,10,"[1250,1300)",0,NA,0,0,0,1275,1,76.94907315308
75,10,"[1300,1350)",0,NA,0,0,0,1325,1,126.94907315308
75,10,"[1350,1400)",0,NA,0,0,0,1375,1,176.94907315308
75,10,"[1400,1450)",1,1414.67880189884,1,0,0,1425,1,216.62787505192
75,10,"[1450,1500)",0,NA,0,0,0,1475,1,60.32119810116
75,10,"[1500,1550)",0,NA,0,0,0,1525,1,110.32119810116
75,10,"[1550,1600)",1,1597.93637285475,1,0,0,1575,1,183.25757095591
75,10,"[1600,1650)",0,NA,0,0,0,1625,1,27.0636271452499
75,10,"[1650,1700)",0,NA,0,0,0,1675,1,77.0636271452499
75,10,"[1700,1750)",0,NA,0,0,0,1725,1,127.06362714525
75,10,"[1750,1800)",1,1781.14229528001,1,1,0,1775,1,183.20592242526
75,10,"[1800,1850)",0,NA,0,0,0,1825,1,43.8577047199899
75,10,"[1850,1900)",0,NA,0,0,0,1875,1,93.8577047199899
75,10,"[1900,1950)",1,1947.81072769547,1,0,0,1925,1,166.66843241546
75,10,"[1950,2000)",0,NA,0,0,0,1975,1,27.18927230453
75,10,"[2000,2050)",0,NA,0,0,0,2025,1,77.18927230453
75,10,"[2050,2100)",0,NA,0,0,0,2075,1,127.18927230453
75,10,"[2100,2150)",1,2131.05803518556,1,0,0,2125,1,183.24730749009
75,10,"[2150,2200)",0,NA,0,0,0,2175,1,43.9419648144399
75,10,"[2200,2250)",0,NA,0,0,0,2225,1,93.9419648144399
75,10,"[2250,2300)",1,2297.62714332901,1,0,0,2275,1,166.56910814345
75,10,"[2300,2350)",0,NA,0,0,0,2325,1,27.3728566709901
75,10,"[2350,2400)",0,NA,0,0,0,2375,1,77.3728566709901
75,10,"[2400,2450)",0,NA,0,0,0,2425,1,127.37285667099
75,10,"[2450,2500)",1,2480.98602506798,1,0,0,2475,1,183.35888173897
75,10,"[2500,2550)",0,NA,0,0,0,2525,1,44.0139749320201
75,10,"[2550,2600)",0,NA,0,0,0,2575,1,94.0139749320201
75,10,"[2600,2650)",1,2647.51176163554,1,1,0,2625,1,166.52573656756
75,10,"[2650,2700)",0,NA,0,0,0,2675,1,27.4882383644599
75,10,"[2700,2750)",0,NA,0,0,0,2725,1,77.4882383644599
75,10,"[2750,2800)",0,NA,0,0,0,2775,1,127.48823836446
75,10,"[2800,2850)",1,2814.12391032791,1,1,0,2825,1,166.61214869237
75,10,"[2850,2900)",0,NA,0,0,0,2875,1,60.8760896720901
75,10,"[2900,2950)",0,NA,0,0,0,2925,1,110.87608967209
75,10,"[2950,3000)",1,2997.42981913732,1,0,0,2975,1,183.30590880941
75,10,"[3000,3050)",0,NA,0,0,0,3025,1,27.57018086268
75,10,"[3050,3100)",0,NA,0,0,0,3075,1,77.57018086268
75,10,"[3100,3150)",0,NA,0,0,0,3125,1,127.57018086268
75,10,"[3150,3200)",1,3180.68374821451,1,0,0,3175,1,183.25392907719
75,10,"[3200,3250)",0,NA,0,0,0,3225,1,44.3162517854898
75,10,"[3250,3300)",0,NA,0,0,0,3275,1,94.3162517854898
75,10,"[3300,3350)",1,3347.29722124757,1,1,0,3325,1,166.61347303306
75,10,"[3350,3400)",0,NA,0,0,0,3375,1,27.7027787524298
75,10,"[3400,3450)",0,NA,0,0,0,3425,1,77.7027787524298
75,10,"[3450,3500)",0,NA,0,0,0,3475,1,127.70277875243
75,10,"[3500,3550)",1,3530.5898868246,1,0,0,3525,1,183.29266557703
75,10,"[3550,3600)",0,NA,0,0,0,3575,1,44.4101131754001
75,10,"[3600,3650)",0,NA,0,0,0,3625,1,94.4101131754001
75,10,"[3650,3700)",0,NA,0,0,0,3675,1,144.4101131754
75,10,"[3700,3750)",1,3714.40102503402,1,0,0,3725,1,183.81113820942
75,10,"[3750,3800)",0,NA,0,0,0,3775,1,60.5989749659798
75,10,"[3800,3850)",0,NA,0,0,0,3825,1,110.59897496598
75,10,"[3850,3900)",0,NA,0,0,0,3875,1,160.59897496598
75,10,"[3900,3950)",1,3913.76137675252,1,0,0,3925,1,199.3603517185
75,10,"[3950,4000)",0,NA,0,0,0,3975,1,61.2386232474801
75,10,"[4000,4050)",0,NA,0,0,0,4025,1,111.23862324748
75,10,"[4050,4100)",1,4080.35730250413,1,0,0,4075,1,166.59592575161
75,10,"[4100,4150)",0,NA,0,0,0,4125,1,44.6426974958699
75,10,"[4150,4200)",0,NA,0,0,0,4175,1,94.6426974958699
75,10,"[4200,4250)",0,NA,0,0,0,4225,1,144.64269749587
75,10,"[4250,4300)",1,4297.00570454588,1,0,0,4275,1,216.64840204175
75,10,"[4300,4350)",0,NA,0,0,0,4325,1,27.9942954541202
75,10,"[4350,4400)",0,NA,0,0,0,4375,1,77.9942954541202
75,10,"[4400,4450)",0,NA,0,0,0,4425,1,127.99429545412
75,10,"[4450,4500)",1,4480.23877554806,1,0,0,4475,1,183.233071002181
75,10,"[4500,4550)",0,NA,0,0,0,4525,1,44.7612244519396
75,10,"[4550,4600)",0,NA,0,0,0,4575,1,94.7612244519396
75,10,"[4600,4650)",0,NA,0,0,0,4625,1,144.76122445194
75,10,"[4650,4700)",1,4663.5129005881,1,0,0,4675,1,183.27412504004
75,10,"[4700,4750)",0,NA,0,0,0,4725,1,61.4870994119001
75,10,"[4750,4800)",0,NA,0,0,0,4775,1,111.4870994119
75,10,"[4800,4850)",0,NA,0,0,0,4825,1,161.4870994119
75,10,"[4850,4900)",1,4863.40198846301,1,0,0,4875,1,199.88908787491
75,10,"[4900,4950)",0,NA,0,0,0,4925,1,61.5980115369903
75,10,"[4950,5000)",0,NA,0,0,0,4975,1,111.59801153699
75,10,"[5000,5050)",1,5046.7082283576,1,0,0,5025,1,183.30623989459
75,10,"[5050,5100)",0,NA,0,0,0,5075,1,28.2917716423999
75,10,"[5100,5150)",0,NA,0,0,0,5125,1,78.2917716423999
75,10,"[5150,5200)",0,NA,0,0,0,5175,1,128.2917716424
75,10,"[5200,5250)",1,5246.61122163525,1,0,0,5225,1,199.90299327765
75,10,"[5250,5300)",0,NA,0,0,0,5275,1,28.3887783647497
75,10,"[5300,5350)",0,NA,0,0,0,5325,1,78.3887783647497
75,10,"[5350,5400)",0,NA,0,0,0,5375,1,128.38877836475
75,10,"[5400,5450)",1,5413.18397171563,1,1,0,5425,1,166.57275008038
75,10,"[5450,5500)",0,NA,0,0,0,5475,1,61.8160282843701
75,10,"[5500,5550)",0,NA,0,0,0,5525,1,111.81602828437
75,10,"[5550,5600)",1,5596.47796163335,1,1,0,5575,1,183.29398991772
75,10,"[5600,5650)",0,NA,0,0,0,5625,1,28.5220383666501
75,10,"[5650,5700)",0,NA,0,0,0,5675,1,78.5220383666501
75,10,"[5700,5750)",0,NA,0,0,0,5725,1,128.52203836665
75,10,"[5750,5800)",1,5779.7467893688,1,0,0,5775,1,183.26882773545
75,10,"[5800,5850)",0,NA,0,0,0,5825,1,45.2532106312001
75,10,"[5850,5900)",0,NA,0,0,0,5875,1,95.2532106312001
75,10,"[5900,5950)",0,NA,0,0,0,5925,1,145.2532106312
75,10,"[5950,6000]",1,5979.68851908809,1,0,0,5975,1,199.94172971929
75,11,"[ 100, 150)",0,NA,0,0,0,125,2,125
75,11,"[ 150, 200)",0,NA,0,0,0,175,2,175
75,11,"[ 200, 250)",0,NA,0,0,0,225,2,225
75,11,"[ 250, 300)",2,294.262368406635,1,0,0,275,2,294.262368406635
75,11,"[ 300, 350)",0,NA,0,0,0,325,2,30.737631593365
75,11,"[ 350, 400)",0,NA,0,0,0,375,2,80.737631593365
75,11,"[ 400, 450)",0,NA,0,0,0,425,2,130.737631593365
75,11,"[ 450, 500)",2,477.518946107011,1,0,0,475,2,183.256577700376
75,11,"[ 500, 550)",0,NA,0,0,0,525,2,47.481053892989
75,11,"[ 550, 600)",0,NA,0,0,0,575,2,97.481053892989
75,11,"[ 600, 650)",0,NA,0,0,0,625,2,147.481053892989
75,11,"[ 650, 700)",2,660.697057726793,1,0,0,675,2,183.178111619782
75,11,"[ 700, 750)",0,NA,0,0,0,725,2,64.302942273207
75,11,"[ 750, 800)",0,NA,0,0,0,775,2,114.302942273207
75,11,"[ 800, 850)",0,NA,0,0,0,825,2,164.302942273207
75,11,"[ 850, 900)",2,860.632496944163,1,1,0,875,2,199.93543921737
75,11,"[ 900, 950)",0,NA,0,0,0,925,2,64.367503055837
75,11,"[ 950,1000)",0,NA,0,0,0,975,2,114.367503055837
75,11,"[1000,1050)",2,1027.31516584754,1,0,0,1025,2,166.682668903377
75,11,"[1050,1100)",0,NA,0,0,0,1075,2,47.6848341524601
75,11,"[1100,1150)",0,NA,0,0,0,1125,2,97.6848341524601
75,11,"[1150,1200)",0,NA,0,0,0,1175,2,147.68483415246
75,11,"[1200,1250)",2,1210.5091693229,1,0,0,1225,2,183.19400347536
75,11,"[1250,1300)",0,NA,0,0,0,1275,2,64.4908306770999
75,11,"[1300,1350)",0,NA,0,0,0,1325,2,114.4908306771
75,11,"[1350,1400)",2,1393.7813078519,1,0,0,1375,2,183.272138529
75,11,"[1400,1450)",0,NA,0,0,0,1425,2,31.2186921481
75,11,"[1450,1500)",0,NA,0,0,0,1475,2,81.2186921481
75,11,"[1500,1550)",0,NA,0,0,0,1525,2,131.2186921481
75,11,"[1550,1600)",2,1560.46861188952,1,1,0,1575,2,166.68730403762
75,11,"[1600,1650)",0,NA,0,0,0,1625,2,64.5313881104801
75,11,"[1650,1700)",0,NA,0,0,0,1675,2,114.53138811048
75,11,"[1700,1750)",0,NA,0,0,0,1725,2,164.53138811048
75,11,"[1750,1800)",2,1760.3686254588,1,0,0,1775,2,199.90001356928
75,11,"[1800,1850)",0,NA,0,0,0,1825,2,64.6313745412001
75,11,"[1850,1900)",0,NA,0,0,0,1875,2,114.6313745412
75,11,"[1900,1950)",2,1943.61328432569,1,0,0,1925,2,183.24465886689
75,11,"[1950,2000)",0,NA,0,0,0,1975,2,31.3867156743099
75,11,"[2000,2050)",0,NA,0,0,0,2025,2,81.3867156743099
75,11,"[2050,2100)",0,NA,0,0,0,2075,2,131.38671567431
75,11,"[2100,2150)",2,2126.81887560757,1,1,0,2125,2,183.20559128188
75,11,"[2150,2200)",0,NA,0,0,0,2175,2,48.1811243924299
75,11,"[2200,2250)",0,NA,0,0,0,2225,2,98.1811243924299
75,11,"[2250,2300)",0,NA,0,0,0,2275,2,148.18112439243
75,11,"[2300,2350)",2,2310.1691492484,1,0,0,2325,2,183.35027364083
75,11,"[2350,2400)",0,NA,0,0,0,2375,2,64.8308507515999
75,11,"[2400,2450)",0,NA,0,0,0,2425,2,114.8308507516
75,11,"[2450,2500)",2,2493.40354459127,1,1,0,2475,2,183.23439534287
75,11,"[2500,2550)",0,NA,0,0,0,2525,2,31.59645540873
75,11,"[2550,2600)",0,NA,0,0,0,2575,2,81.59645540873
75,11,"[2600,2650)",0,NA,0,0,0,2625,2,131.59645540873
75,11,"[2650,2700)",2,2676.63661559345,1,0,0,2675,2,183.23307100218
75,11,"[2700,2750)",0,NA,0,0,0,2725,2,48.3633844065498
75,11,"[2750,2800)",0,NA,0,0,0,2775,2,98.3633844065498
75,11,"[2800,2850)",0,NA,0,0,0,2825,2,148.36338440655
75,11,"[2850,2900)",2,2876.59225077368,1,1,0,2875,2,199.95563518023
75,11,"[2900,2950)",0,NA,0,0,0,2925,2,48.40774922632
75,11,"[2950,3000)",0,NA,0,0,0,2975,2,98.40774922632
75,11,"[3000,3050)",0,NA,0,0,0,3025,2,148.40774922632
75,11,"[3050,3100)",2,3059.85478794901,1,0,0,3075,2,183.26253717533
75,11,"[3100,3150)",0,NA,0,0,0,3125,2,65.1452120509898
75,11,"[3150,3200)",0,NA,0,0,0,3175,2,115.14521205099
75,11,"[3200,3250)",2,3243.14447375946,1,0,0,3225,2,183.28968581045
75,11,"[3250,3300)",0,NA,0,0,0,3275,2,31.8555262405398
75,11,"[3300,3350)",0,NA,0,0,0,3325,2,81.8555262405398
75,11,"[3350,3400)",0,NA,0,0,0,3375,2,131.85552624054
75,11,"[3400,3450)",2,3443.05243331473,1,1,0,3425,2,199.90795955527
75,11,"[3450,3500)",0,NA,0,0,0,3475,2,31.94756668527
75,11,"[3500,3550)",0,NA,0,0,0,3525,2,81.94756668527
75,11,"[3550,3600)",0,NA,0,0,0,3575,2,131.94756668527
75,11,"[3600,3650)",2,3609.71060220618,1,0,0,3625,2,166.65816889145
75,11,"[3650,3700)",0,NA,0,0,0,3675,2,65.2893977938202
75,11,"[3700,3750)",0,NA,0,0,0,3725,2,115.28939779382
75,11,"[3750,3800)",2,3792.9287746083,1,0,0,3775,2,183.21817240212
75,11,"[3800,3850)",0,NA,0,0,0,3825,2,32.0712253917
75,11,"[3850,3900)",0,NA,0,0,0,3875,2,82.0712253917
75,11,"[3900,3950)",0,NA,0,0,0,3925,2,132.0712253917
75,11,"[3950,4000)",2,3976.23236582149,1,1,0,3975,2,183.30359121319
75,11,"[4000,4050)",0,NA,0,0,0,4025,2,48.76763417851
75,11,"[4050,4100)",0,NA,0,0,0,4075,2,98.76763417851
75,11,"[4100,4150)",0,NA,0,0,0,4125,2,148.76763417851
75,11,"[4150,4200)",2,4176.11284565646,1,0,0,4175,2,199.88047983497
75,11,"[4200,4250)",0,NA,0,0,0,4225,2,48.8871543435398
75,11,"[4250,4300)",0,NA,0,0,0,4275,2,98.8871543435398
75,11,"[4300,4350)",0,NA,0,0,0,4325,2,148.88715434354
75,11,"[4350,4400)",2,4359.4432544196,1,0,0,4375,2,183.33040876314
75,11,"[4400,4450)",0,NA,0,0,0,4425,2,65.5567455804003
75,11,"[4450,4500)",0,NA,0,0,0,4475,2,115.5567455804
75,11,"[4500,4550)",2,4543.1448048912,1,0,0,4525,2,183.7015504716
75,11,"[4550,4600)",0,NA,0,0,0,4575,2,31.8551951088002
75,11,"[4600,4650)",0,NA,0,0,0,4625,2,81.8551951088002
75,11,"[4650,4700)",0,NA,0,0,0,4675,2,131.8551951088
75,11,"[4700,4750)",2,4742.62699438259,1,0,0,4725,2,199.48218949139
75,11,"[4750,4800)",0,NA,0,0,0,4775,2,32.3730056174099
75,11,"[4800,4850)",0,NA,0,0,0,4825,2,82.3730056174099
75,11,"[4850,4900)",0,NA,0,0,0,4875,2,132.37300561741
75,11,"[4900,4950)",2,4925.8517883718,1,0,0,4925,2,183.22479398921
75,11,"[4950,5000)",0,NA,0,0,0,4975,2,49.1482116282004
75,11,"[5000,5050)",0,NA,0,0,0,5025,2,99.1482116282004
75,11,"[5050,5100)",0,NA,0,0,0,5075,2,149.1482116282
75,11,"[5100,5150)",2,5109.21762278304,1,0,0,5125,2,183.36583441124
75,11,"[5150,5200)",0,NA,0,0,0,5175,2,65.7823772169604
75,11,"[5200,5250)",0,NA,0,0,0,5225,2,115.78237721696
75,11,"[5250,5300)",0,NA,0,0,0,5275,2,165.78237721696
75,11,"[5300,5350)",2,5309.03817695798,1,0,0,5325,2,199.82055417494
75,11,"[5350,5400)",0,NA,0,0,0,5375,2,65.9618230420201
75,11,"[5400,5450)",0,NA,0,0,0,5425,2,115.96182304202
75,11,"[5450,5500)",0,NA,0,0,0,5475,2,165.96182304202
75,11,"[5500,5550)",2,5508.96037294297,1,0,0,5525,2,199.92219598499
75,11,"[5550,5600)",0,NA,0,0,0,5575,2,66.03962705703
75,11,"[5600,5650)",0,NA,0,0,0,5625,2,116.03962705703
75,11,"[5650,5700)",0,NA,0,0,0,5675,2,166.03962705703
75,11,"[5700,5750)",2,5725.58559931349,1,0,0,5725,2,216.62522637052
75,11,"[5750,5800)",0,NA,0,0,0,5775,2,49.4144006865099
75,11,"[5800,5850)",0,NA,0,0,0,5825,2,99.4144006865099
75,11,"[5850,5900)",0,NA,0,0,0,5875,2,149.41440068651
75,11,"[5900,5950)",2,5908.81900140084,1,0,0,5925,2,183.23340208735
75,11,"[5950,6000]",0,NA,0,0,0,5975,2,66.1809985991604
75,12,"[ 100, 150)",2,128.727556904778,1,0,0,125,2,128.727556904778
75,12,"[ 150, 200)",0,NA,0,0,0,175,2,46.272443095222
75,12,"[ 200, 250)",0,NA,0,0,0,225,2,96.272443095222
75,12,"[ 250, 300)",0,NA,0,0,0,275,2,146.272443095222
75,12,"[ 300, 350)",0,NA,0,0,0,325,2,196.272443095222
75,12,"[ 350, 400)",2,361.95516504813,1,0,0,375,2,233.227608143352
75,12,"[ 400, 450)",0,NA,0,0,0,425,2,63.04483495187
75,12,"[ 450, 500)",0,NA,0,0,0,475,2,113.04483495187
75,12,"[ 500, 550)",2,528.464678674936,1,1,0,525,2,166.509513626806
75,12,"[ 550, 600)",0,NA,0,0,0,575,2,46.535321325064
75,12,"[ 600, 650)",0,NA,0,0,0,625,2,96.535321325064
75,12,"[ 650, 700)",2,695.180124603212,1,0,0,675,2,166.715445928276
75,12,"[ 700, 750)",0,NA,0,0,0,725,2,29.819875396788
75,12,"[ 750, 800)",0,NA,0,0,0,775,2,79.819875396788
75,12,"[ 800, 850)",0,NA,0,0,0,825,2,129.819875396788
75,12,"[ 850, 900)",2,878.382405091543,1,0,0,875,2,183.202280488331
75,12,"[ 900, 950)",0,NA,0,0,0,925,2,46.617594908457
75,12,"[ 950,1000)",0,NA,0,0,0,975,2,96.617594908457
75,12,"[1000,1050)",0,NA,0,0,0,1025,2,146.617594908457
75,12,"[1050,1100)",2,1061.66712468257,1,0,0,1075,2,183.284719591027
75,12,"[1100,1150)",0,NA,0,0,0,1125,2,63.3328753174301
75,12,"[1150,1200)",0,NA,0,0,0,1175,2,113.33287531743
75,12,"[1200,1250)",2,1211.57856052741,1,0,0,1225,2,149.91143584484
75,12,"[1250,1300)",0,NA,0,0,0,1275,2,63.42143947259
75,12,"[1300,1350)",0,NA,0,0,0,1325,2,113.42143947259
75,12,"[1350,1400)",2,1394.91559093585,1,1,0,1375,2,183.33703040844
75,12,"[1400,1450)",0,NA,0,0,0,1425,2,30.0844090641499
75,12,"[1450,1500)",0,NA,0,0,0,1475,2,80.0844090641499
75,12,"[1500,1550)",0,NA,0,0,0,1525,2,130.08440906415
75,12,"[1550,1600)",2,1578.13111465657,1,0,0,1575,2,183.21552372072
75,12,"[1600,1650)",0,NA,0,0,0,1625,2,46.8688853434301
75,12,"[1650,1700)",0,NA,0,0,0,1675,2,96.8688853434301
75,12,"[1700,1750)",2,1744.74392551929,1,0,0,1725,2,166.61281086272
75,12,"[1750,1800)",0,NA,0,0,0,1775,2,30.2560744807099
75,12,"[1800,1850)",0,NA,0,0,0,1825,2,80.2560744807099
75,12,"[1850,1900)",0,NA,0,0,0,1875,2,130.25607448071
75,12,"[1900,1950)",2,1911.31965530803,1,0,0,1925,2,166.57572978874
75,12,"[1950,2000)",0,NA,0,0,0,1975,2,63.68034469197
75,12,"[2000,2050)",0,NA,0,0,0,2025,2,113.68034469197
75,12,"[2050,2100)",2,2078.04039854091,1,0,0,2075,2,166.72074323288
75,12,"[2100,2150)",0,NA,0,0,0,2125,2,46.9596014590902
75,12,"[2150,2200)",0,NA,0,0,0,2175,2,96.9596014590902
75,12,"[2200,2250)",0,NA,0,0,0,2225,2,146.95960145909
75,12,"[2250,2300)",2,2261.22976682382,1,1,0,2275,2,183.18936828291
75,12,"[2300,2350)",0,NA,0,0,0,2325,2,63.7702331761802
75,12,"[2350,2400)",0,NA,0,0,0,2375,2,113.77023317618
75,12,"[2400,2450)",2,2444.56149992766,1,0,0,2425,2,183.33173310384
75,12,"[2450,2500)",0,NA,0,0,0,2475,2,30.43850007234
75,12,"[2500,2550)",0,NA,0,0,0,2525,2,80.43850007234
75,12,"[2550,2600)",0,NA,0,0,0,2575,2,130.43850007234
75,12,"[2600,2650)",0,NA,0,0,0,2625,2,180.43850007234
75,12,"[2650,2700)",2,2677.75368248113,1,1,0,2675,2,233.19218255347
75,12,"[2700,2750)",0,NA,0,0,0,2725,2,47.24631751887
75,12,"[2750,2800)",0,NA,0,0,0,2775,2,97.24631751887
75,12,"[2800,2850)",2,2844.36119603924,1,1,0,2825,2,166.60751355811
75,12,"[2850,2900)",0,NA,0,0,0,2875,2,30.63880396076
75,12,"[2900,2950)",0,NA,0,0,0,2925,2,80.63880396076
75,12,"[2950,3000)",0,NA,0,0,0,2975,2,130.63880396076
75,12,"[3000,3050)",2,3027.69061154686,1,0,0,3025,2,183.32941550762
75,12,"[3050,3100)",0,NA,0,0,0,3075,2,47.3093884531399
75,12,"[3100,3150)",0,NA,0,0,0,3125,2,97.3093884531399
75,12,"[3150,3200)",2,3194.25144273555,1,0,0,3175,2,166.56083118869
75,12,"[3200,3250)",0,NA,0,0,0,3225,2,30.74855726445
75,12,"[3250,3300)",0,NA,0,0,0,3275,2,80.74855726445
75,12,"[3300,3350)",0,NA,0,0,0,3325,2,130.74855726445
75,12,"[3350,3400)",2,3377.56695284043,1,1,0,3375,2,183.31551010488
75,12,"[3400,3450)",0,NA,0,0,0,3425,2,47.4330471595699
75,12,"[3450,3500)",0,NA,0,0,0,3475,2,97.4330471595699
75,12,"[3500,3550)",0,NA,0,0,0,3525,2,147.43304715957
75,12,"[3550,3600)",2,3560.82783464808,1,0,0,3575,2,183.26088180765
75,12,"[3600,3650)",0,NA,0,0,0,3625,2,64.1721653519198
75,12,"[3650,3700)",0,NA,0,0,0,3675,2,114.17216535192
75,12,"[3700,3750)",2,3744.07315568533,1,0,0,3725,2,183.24532103725
75,12,"[3750,3800)",0,NA,0,0,0,3775,2,30.9268443146698
75,12,"[3800,3850)",0,NA,0,0,0,3825,2,80.9268443146698
75,12,"[3850,3900)",0,NA,0,0,0,3875,2,130.92684431467
75,12,"[3900,3950)",2,3944.0307773184,1,0,0,3925,2,199.95762163307
75,12,"[3950,4000)",0,NA,0,0,0,3975,2,30.9692226816001
75,12,"[4000,4050)",0,NA,0,0,0,4025,2,80.9692226816001
75,12,"[4050,4100)",0,NA,0,0,0,4075,2,130.9692226816
75,12,"[4100,4150)",2,4127.29331449373,1,0,0,4125,2,183.26253717533
75,12,"[4150,4200)",0,NA,0,0,0,4175,2,47.7066855062703
75,12,"[4200,4250)",0,NA,0,0,0,4225,2,97.7066855062703
75,12,"[4250,4300)",0,NA,0,0,0,4275,2,147.70668550627
75,12,"[4300,4350)",2,4310.51843956811,1,0,0,4325,2,183.22512507438
75,12,"[4350,4400)",0,NA,0,0,0,4375,2,64.4815604318901
75,12,"[4400,4450)",0,NA,0,0,0,4425,2,114.48156043189
75,12,"[4450,4500)",2,4493.8077943516,1,0,0,4475,2,183.28935478349
75,12,"[4500,4550)",0,NA,0,0,0,4525,2,31.1922056484
75,12,"[4550,4600)",0,NA,0,0,0,4575,2,81.1922056484
75,12,"[4600,4650)",0,NA,0,0,0,4625,2,131.1922056484
75,12,"[4650,4700)",2,4660.4010714218,1,0,0,4675,2,166.5932770702
75,12,"[4700,4750)",0,NA,0,0,0,4725,2,64.5989285781998
75,12,"[4750,4800)",0,NA,0,0,0,4775,2,114.5989285782
75,12,"[4800,4850)",2,4827.07645650953,1,0,0,4825,2,166.675385087729
75,12,"[4850,4900)",0,NA,0,0,0,4875,2,47.9235434904704
75,12,"[4900,4950)",0,NA,0,0,0,4925,2,97.9235434904704
75,12,"[4950,5000)",2,4993.58563905116,1,0,0,4975,2,166.50918254163
75,12,"[5000,5050)",0,NA,0,0,0,5025,2,31.4143609488401
75,12,"[5050,5100)",0,NA,0,0,0,5075,2,81.4143609488401
75,12,"[5100,5150)",0,NA,0,0,0,5125,2,131.41436094884
75,12,"[5150,5200)",2,5176.89982487354,1,0,0,5175,2,183.31418582238
75,12,"[5200,5250)",0,NA,0,0,0,5225,2,48.1001751264603
75,12,"[5250,5300)",0,NA,0,0,0,5275,2,98.1001751264603
75,12,"[5300,5350)",2,5343.44079118455,1,0,0,5325,2,166.54096631101
75,12,"[5350,5400)",0,NA,0,0,0,5375,2,31.5592088154499
75,12,"[5400,5450)",0,NA,0,0,0,5425,2,81.5592088154499
75,12,"[5450,5500)",0,NA,0,0,0,5475,2,131.55920881545
75,12,"[5500,5550)",2,5510.11915603885,1,0,0,5525,2,166.6783648543
75,12,"[5550,5600)",0,NA,0,0,0,5575,2,64.8808439611503
75,12,"[5600,5650)",0,NA,0,0,0,5625,2,114.88084396115
75,12,"[5650,5700)",0,NA,0,0,0,5675,2,164.88084396115
75,12,"[5700,5750)",2,5710.45189234428,1,0,0,5725,2,200.33273630543
75,12,"[5750,5800)",0,NA,0,0,0,5775,2,64.5481076557198
75,12,"[5800,5850)",0,NA,0,0,0,5825,2,114.54810765572
75,12,"[5850,5900)",2,5876.62635208108,1,0,0,5875,2,166.1744597368
75,12,"[5900,5950)",0,NA,0,0,0,5925,2,48.3736479189201
75,12,"[5950,6000]",0,NA,0,0,0,5975,2,98.3736479189201
